shanghai,上海,1
beijing,北京,2
hangzhou,杭州,3
guangzhou,广州,4
nanjing,南京,5
suzhou,苏州,6
shenzhen,深圳,7
chengdu,成都,8
chongqing,重庆,9
tianjin,天津,10
ningbo,宁波,11
yangzhou,扬州,12
wuxi,无锡,13
fuzhou,福州,14
xiamen,厦门,15
wuhan,武汉,16
xian,西安,17
shenyang,沈阳,18
dalian,大连,19
more,其它城市,20
qingdao,青岛,21
jinan,济南,22
haikou,海口,23
shijiazhuang,石家庄,24
tangshan,唐山,25
qinhuangdao,秦皇岛,26
handan,邯郸,27
xingtai,邢台,28
baoding,保定,29
zhangjiakou,张家口,30
chengde,承德,31
cangzhou,沧州,32
langfang,廊坊,33
hengshui,衡水,34
taiyuan,太原,35
datong,大同,36
yangquan,阳泉,37
changzhi,长治,38
jincheng,晋城,39
shuozhou,朔州,40
jinzhong,晋中,41
yuncheng,运城,42
xinzhou,忻州,43
linfen,临汾,44
lvliang,吕梁,45
huhehaote,呼和浩特,46
baotou,包头,47
wuhai,乌海,48
chifeng,赤峰,49
tongliao,通辽,50
eerduosi,鄂尔多斯,51
hulunbeier,呼伦贝尔,52
xingan,兴安盟,53
xilinguole,锡林郭勒,54
wulanchabu,乌兰察布,55
bayannaoer,巴彦淖尔,56
alashan,阿拉善,57
anshan,鞍山,58
fushun,抚顺,59
benxi,本溪,60
dandong,丹东,61
jinzhou,锦州,62
yingkou,营口,63
fuxin,阜新,64
liaoyang,辽阳,65
panjin,盘锦,66
tieling,铁岭,67
chaoyang,朝阳,68
huludao,葫芦岛,69
changchun,长春,70
jilin,吉林,71
siping,四平,72
liaoyuan,辽源,73
tonghua,通化,74
baishan,白山,75
songyuan,松原,76
baicheng,白城,77
yanbian,延边,78
haerbin,哈尔滨,79
qiqihaer,齐齐哈尔,80
jixi,鸡西,81
hegang,鹤岗,82
shuangyashan,双鸭山,83
daqing,大庆,84
yichun,伊春,85
jiamusi,佳木斯,86
qitaihe,七台河,87
mudanjiang,牡丹江,88
heihe,黑河,89
suihua,绥化,90
daxinganling,大兴安岭,91
xuzhou,徐州,92
changzhou,常州,93
nantong,南通,94
lianyuangang,连云港,95
huaian,淮安,96
yancheng,盐城,97
zhenjiang,镇江,98
taizhou,泰州,99
suqian,宿迁,100
wenzhou,温州,101
jiaxing,嘉兴,102
huzhou,湖州,103
shaoxing,绍兴,104
jinhua,金华,105
quzhou,衢州,106
zhoushan,舟山,107
zhejiangtaizhou,台州,108
zhejiangtaizhou,台州,108
lishui,丽水,109
hefei,合肥,110
wuhu,芜湖,111
bengbu,蚌埠,112
huainan,淮南,113
maanshan,马鞍山,114
huaibei,淮北,115
tongling,铜陵,116
anqing,安庆,117
huangshan,黄山,118
chuzhou,滁州,119
fuyang,阜阳,120
anhuisuzhou,宿州,121
anhuisuzhou,宿州,121
chaohu,巢湖,122
liuan,六安,123
bozhou,亳州,124
chizhou,池州,125
xuancheng,宣城,126
putian,莆田,127
sanming,三明,128
quanzhou,泉州,129
zhangzhou,漳州,130
nanping,南平,131
longyan,龙岩,132
ningde,宁德,133
nanchang,南昌,134
jingdezhen,景德镇,135
pingxiang,萍乡,136
jiujiang,九江,137
xinyu,新余,138
yingtan,鹰潭,139
ganzhou,赣州,140
jian,吉安,141
jiangxiyichun,宜春,142
jiangxiyichun,宜春,142
jiangxifuzhou,抚州,143
jiangxifuzhou,抚州,143
shangrao,上饶,144
zibo,淄博,145
zaozhuang,枣庄,146
dongying,东营,147
yantai,烟台,148
weifang,潍坊,149
jining,济宁,150
taian,泰安,151
weihai,威海,152
rizhao,日照,153
laiwu,莱芜,154
linyi,临沂,155
dezhou,德州,156
liaocheng,聊城,157
binzhou,滨州,158
heze,菏泽,159
zhengzhou,郑州,160
kaifeng,开封,161
luoyang,洛阳,162
pingdingshan,平顶山,163
anyang,安阳,164
hebi,鹤壁,165
xinxiang,新乡,166
jiaozuo,焦作,167
puyang,濮阳,168
xuchang,许昌,169
luohe,漯河,170
sanmenxia,三门峡,171
nanyang,南阳,172
shangqiu,商丘,173
xinyang,信阳,174
zhoukou,周口,175
zhumadian,驻马店,176
huangshi,黄石,177
shiyan,十堰,178
yichang,宜昌,179
xiangyang,襄阳,180
ezhou,鄂州,181
jinmen,荆门,182
xiaogan,孝感,183
jingzhou,荆州,184
huanggang,黄冈,185
xianning,咸宁,186
suizhou,随州,187
enshizhou,恩施,188
xiantao,仙桃,189
qianjiang,潜江,190
tianmen,天门,191
zhuzhou,株洲,192
xiangtan,湘潭,193
hengyang,衡阳,194
shaoyang,邵阳,195
yueyang,岳阳,196
changde,常德,197
zhangjiajie,张家界,198
yiyang,益阳,199
chenzhou,郴州,200
yongzhou,永州,201
huaihua,怀化,202
loudi,娄底,203
xiangxi,湘西,204
shaoguan,韶关,205
zhuhai,珠海,206
shantou,汕头,207
foshan,佛山,208
jiangmen,江门,209
zhanjiang,湛江,210
maoming,茂名,211
zhaoqing,肇庆,212
huizhou,惠州,213
meizhou,梅州,214
shanwei,汕尾,215
heyuan,河源,216
yangjiang,阳江,217
qingyuan,清远,218
dongguan,东莞,219
zhongshan,中山,220
chaozhou,潮州,221
jieyang,揭阳,222
yunfu,云浮,223
nanning,南宁,224
liuzhou,柳州,225
guilin,桂林,226
wuzhou,梧州,227
beihai,北海,228
fangchenggang,防城港,229
qinzhou,钦州,230
guigang,贵港,231
guangxiyulin,玉林,232
baise,百色,233
hezhou,贺州,234
hechi,河池,235
zigong,自贡,238
panzhihua,攀枝花,239
luzhou,泸州,240
deyang,德阳,241
mianyang,绵阳,242
guangyuan,广元,243
suining,遂宁,244
neijiang,内江,245
leshan,乐山,246
nanchong,南充,247
meishan,眉山,248
yibin,宜宾,249
guangan,广安,250
dazhou,达州,251
yaan,雅安,252
bazhong,巴中,253
ziyang,资阳,254
aba,阿坝,255
ganzi,甘孜州,256
liangshan,凉山,257
guiyang,贵阳,258
liupanshui,六盘水,259
zunyi,遵义,260
anshun,安顺,261
tongrendiqu,铜仁,262
qianxinan,黔西南,263
qiandongnan,黔东南,265
qiannan,黔南,266
kunming,昆明,267
qujing,曲靖,268
yuxi,玉溪,269
baoshan,保山,270
zhaotong,昭通,271
chuxiongzhou,楚雄州,272
honghe,红河,273
wenshan,文山州,274
puer,普洱,275
xishuangbanna,西双版纳,276
dali,大理州,277
dehong,德宏,278
lijiang,丽江,279
nujiang,怒江,280
diqing,迪庆,281
linchang,临沧,282
lasa,拉萨,283
changdudiqu,昌都市,284
shannan,山南,285
rikazediqu,日喀则,286
naqu,那曲,287
ali,阿里,288
linzhi,林芝市,289
tongchuan,铜川,290
baoji,宝鸡,291
xianyang,咸阳,292
weinan,渭南,293
yanan,延安,294
hanzhong,汉中,295
yulin,榆林,296
ankang,安康,297
shangluo,商洛,298
lanzhou,兰州,299
jiayuguan,嘉峪关,300
jinchang,金昌,301
baiyin,白银,302
tianshui,天水,303
wuwei,武威,304
zhangye,张掖,305
pingliang,平凉,306
jiuquan,酒泉,307
qingyang,庆阳,308
dingxi,定西,309
longnan,陇南,310
linxiazhou,临夏州,311
gannanzhou,甘南,312
xining,西宁,313
haidong,海东,314
haibei,海北,315
huangnan,黄南,316
guoluo,果洛,318
yushu,玉树,319
haixi,海西,320
yinchuan,银川,321
shizuishan,石嘴山,322
wuzhong,吴忠,323
guyuan,固原,324
wulumuqi,乌鲁木齐,325
kelamayi,克拉玛依,326
tulufandiqu,吐鲁番市,327
hamidiqu,哈密地区,328
changjizhou,昌吉州,329
boertala,博尔塔拉,330
bayinguoleng,巴音郭楞,331
akesudiqu,阿克苏地区,332
kezilesu,克孜勒苏,333
kashidiqu,喀什地区,334
hetiandiqu,和田地区,335
yili,伊犁,336
tachengdiqu,塔城地区,337
aletaidiqu,阿勒泰地区,338
shihezi,石河子,339
taiwan,台湾,340
guowai,国外其他,343
changsha,长沙,344
hainanzhou,海南州,345
sanya,三亚,345
beitun,北屯,346
zhongwei,中卫,351
geermu,格尔木市,353
kuitun,奎屯市,354
kuerle,库尔勒市,355
danzhou,儋州,358
huangchuan,潢川县,359
yanji,延吉市,361
huichun,珲春市,362
meihekou,梅河口市,363
xilinhaote,锡林浩特市,367
wulanhaote,乌兰浩特市,368
xichang,西昌市,382
kangding,康定市,383
yiwu,义乌,385
alaer,阿拉尔,389
baisha,白沙,390
baoting,保亭,391
changjiang,昌江,392
chengmai,澄迈县,393
chongzuo,崇左,394
dingan,定安县,395
dongfang,东方,396
jiyuan,济源,397
laibin,来宾,398
ledong,乐东,399
lingao,临高县,400
lingshui,陵水,401
qionghai,琼海,402
qiongzhong,琼中,403
shennongjia,神农架林区,404
tumushuke,图木舒克,405
tunchang,屯昌县,406
wanning,万宁,407
wenchang,文昌,408
wujiaqu,五家渠,409
wuzhishan,五指山,410
kunshan,昆山,416
changshu,常熟,417
zhangjiagang,张家港,418
wujiang,吴江,419
taicang,太仓,420
cixi,慈溪,421
fenghua,奉化,422
yuyao,余姚,423
yizheng,仪征市,424
jiangdu,江都区,425
gaoyou,高邮市,426
jiangyin,江阴,427
yixing,宜兴,428
wafangdian,瓦房店市,429
pulandian,普兰店区,430
zhuanghe,庄河市,431
changhai,长海县,432
fuqing,福清,433
miyun,密云区,434
yanqing,延庆区,435
xinji,辛集市,439
gaocheng,藁城区,440
jinzhoushi,晋州市,441
xinle,新乐市,442
luquan,鹿泉区,443
jingjing,井陉县,444
zhengding,正定县,445
luancheng,栾城区,446
xingtang,行唐县,447
lingshou,灵寿县,448
gaoyi,高邑县,449
shenzhe,深泽县,450
zanhuang,赞皇县,451
wuji,无极县,452
pingshan,平山县,453
yuanshi,元氏县,454
zhaoxian,赵县,455
xuanhua,宣化县,456
zhangbei,张北县,457
kangbao,康保县,458
guyuanxian,沽源县,459
shangyi,尚义县,460
weixian,蔚县,461
yangyuan,阳原县,462
huaianxian,怀安县,463
wanquan,万全县,464
huailai,怀来县,465
zhuolu,涿鹿县,466
chicheng,赤城县,467
chongli,崇礼县,468
chengdexian,承德县,469
xinglong,兴隆县,470
pingquan,平泉县,471
luanping,滦平县,472
longhua,隆化县,473
fengning,丰宁满族自治县,474
kuancheng,宽城满族自治县,475
weichang,围场满族蒙古族自治县,476
cangli,昌黎县,477
lulong,卢龙县,479
qinglong,青龙满族自治县,480
zunhua,遵化市,481
qianan,迁安市,482
luanxian,滦县,483
luannan,滦南县,484
leting,乐亭县,485
qianxi,迁西县,486
yutian,玉田县,487
bazhou,霸州市,489
sanhe,三河市,490
guan,固安县,491
yongqing,永清县,492
xianghe,香河县,493
dacheng,大城县,494
wenan,文安县,495
dachang,大厂回族自治县,496
dingzhou,定州市,497
zhuozhou,涿州市,498
anguo,安国市,499
gaopaidian,高碑店市,500
mancheng,满城区,501
bdqingyuan,清苑区,502
bdyixian,易县,503
xushui,徐水区,504
laiyuan,涞源县,505
dingxing,定兴县,506
shunping,顺平县,507
tangxian,唐县,508
wangdu,望都县,509
laishui,涞水县,510
gaoyang,高阳县,511
anxin,安新县,512
xiongxian,雄县,513
quyang,曲阳县,514
fuping,阜平县,515
boye,博野县,516
lixian,蠡县,517
jizhou,冀州市,518
shenzhou,深州市,519
zaoqiang,枣强县,520
wuyi,武邑县,521
wuqiang,武强县,522
raoyang,饶阳县,523
anping,安平县,524
gucheng,故城县,525
jingxian,景县,526
fucheng,阜城县,527
botou,泊头市,528
renqiu,任丘市,529
huanghua,黄骅市,530
hejian,河间市,531
cangxian,沧县,532
qingxian,青县,533
dongguang,东光县,534
haixing,海兴县,535
yanshan,盐山县,536
suning,肃宁县,537
nanpi,南皮县,538
wuqiao,吴桥县,539
xianxian,献县,540
mengcun,孟村回族自治县,541
nangong,南宫市,542
shahe,沙河市,543
xingtaixian,邢台县,544
lincheng,临城县,545
neiqiu,内丘县,546
boxiang,柏乡县,547
longrao,隆尧县,548
renxian,任县,549
nanhe,南和县,550
ningjing,宁晋县,551
julu,巨鹿县,552
xinhe,新河县,553
guangzong,广宗县,554
pingxiangxian,平乡县,555
xtweixian,威县,556
qinghe,清河县,557
linxi,临西县,558
wuan,武安市,559
handanxian,邯郸县,560
linzhang,临漳县,561
chengan,成安县,562
daming,大名县,563
shexian,涉县,564
cixian,磁县,565
feixiang,肥乡县,566
yongnian,永年县,567
qiuxian,邱县,568
jizhe,鸡泽县,569
guangping,广平县,570
guantao,馆陶县,571
hdweixian,魏县,572
quzhouxian,曲周县,573
gujiao,古交市,574
qingxu,清徐县,575
yangqu,阳曲县,576
loufan,娄烦县,577
shanyin,山阴县,578
yingxian,应县,579
youyu,右玉县,580
huairen,怀仁县,581
yanggao,阳高县,582
tianzhen,天镇县,583
guangling,广灵县,584
lingqiu,灵丘县,585
hunyuan,浑源县,586
zuoyun,左云县,587
datongxian,大同县,588
pingding,平定县,589
yuxian,盂县,590
lucheng,潞城市,591
changzhixian,长治县,592
xiangyuan,襄垣县,593
tunliu,屯留县,594
pingshun,平顺县,595
licheng,黎城县,596
huguan,壶关县,597
changzi,长子县,598
wuxiang,武乡县,599
qinxian,沁县,600
qinyuan,沁源县,601
gaoping,高平市,602
zhezhou,泽州县,603
qinshui,沁水县,604
yangcheng,阳城县,605
lingchuan,陵川县,606
yuanping,原平市,607
dingxiang,定襄县,608
wutai,五台县,609
daixian,代县,610
fanzhi,繁峙县,611
ningwu,宁武县,612
jingle,静乐县,613
shenchi,神池县,614
wuzai,五寨县,615
kelan,岢岚县,616
hequ,河曲县,617
baode,保德县,618
pianguan,偏关县,619
jiexiu,介休市,620
yushe,榆社县,621
zuoquan,左权县,622
heshun,和顺县,623
xiyang,昔阳县,624
shouyang,寿阳县,625
taigu,太谷县,626
qixian,祁县,627
pingyao,平遥县,628
lingshi,灵石县,629
houma,侯马市,630
huozhou,霍州市,631
quwo,曲沃县,632
yichengxian,翼城县,633
xiangfen,襄汾县,634
hongdong,洪洞县,635
guxian,古县,636
anzhe,安泽县,637
fushan,浮山县,638
lfjixian,吉县,639
xiangning,乡宁县,640
puxian,蒲县,641
daning,大宁县,642
yonghe,永和县,643
xixian,隰县,644
fenxi,汾西县,645
xiaoyi,孝义市,646
fengyang,汾阳市,647
wenshui,文水县,648
zhongyang,中阳县,649
xingxian,兴县,650
linxian,临县,651
fangshan,方山县,652
liulin,柳林县,653
lanxian,岚县,654
jiaokou,交口县,655
jiaocheng,交城县,656
shilou,石楼县,657
tuoketuo,托克托县,658
wuchuanxian,武川县,659
helingeer,和林格尔县,660
qingshuihe,清水河县,661
guyang,固阳县,662
ningcheng,宁城县,663
linxixian,林西县,664
huolinguole,霍林郭勒市,665
kailu,开鲁县,666
manzhouli,满洲里市,667
zalantun,扎兰屯市,668
yakeshi,牙克石市,669
genhe,根河市,670
eerguna,额尔古纳市,671
fengzhen,丰镇市,672
zhuozi,卓资县,673
huade,化德县,674
shangdu,商都县,675
xinghe,兴和县,676
liangcheng,凉城县,677
wuyuanxian,五原县,678
dengkou,磴口县,679
aershan,阿尔山市,680
tuquan,突泉县,681
erlianhaote,二连浩特市,682
duolun,多伦县,683
xinmin,新民市,684
liaozhong,辽中区,685
kangping,康平县,686
fakun,法库县,687
beipiao,北票市,688
lingyuan,凌源市,689
chaoyangxian,朝阳县,690
jianping,建平县,691
kalaqinzuiyi,喀喇沁左翼蒙古族自治县,692
zhangwu,彰武县,693
fuxinxian,阜新蒙古族自治县,694
diaobingshan,调兵山市,695
kaiyuan,开原市,696
tielingxian,铁岭县,697
xifeng,西丰县,698
cangtu,昌图县,699
lnfushunxian,抚顺县,700
xinbin,新宾满族自治县,701
fsqingyuan,清原满族自治县,702
benxixian,本溪满族自治县,703
huanren,桓仁满族自治县,704
dengta,灯塔市,705
liaoyangxian,辽阳县,706
haicheng,海城市,707
taianxian,台安县,708
xiuyan,岫岩满族自治县,709
fengcheng,凤城市,710
donggang,东港市,711
kuandian,宽甸满族自治县,712
dashiqiao,大石桥市,713
gaizhou,盖州市,714
dawa,大洼县,715
panshan,盘山县,716
linghai,凌海市,717
beining,北镇市,718
heishan,黑山县,719
jzyixian,义县,720
xingcheng,兴城市,721
suizhong,绥中县,722
jiancang,建昌县,723
dehui,德惠市,724
jiutai,九台区,725
nongan,农安县,727
daan,大安市,728
taonan,洮南市,729
zhenlai,镇赉县,730
tongyu,通榆县,731
fuyu,扶余市,732
changling,长岭县,733
qiananxian,乾安县,734
qianguoerluo,前郭尔罗斯蒙古族自治县,735
panshi,磐石市,736
jiaohe,蛟河市,737
huadian,桦甸市,738
shulan,舒兰市,739
yongjixian,永吉县,740
shuangliao,双辽市,741
gongzhuling,公主岭市,742
lishu,梨树县,743
yitong,伊通满族自治县,744
dongfeng,东丰县,745
dongliao,东辽县,746
jianshi,集安市,747
tonghuaxian,通化县,748
huinan,辉南县,749
liuhe,柳河县,750
linjian,临江市,751
fusong,抚松县,753
jingyu,靖宇县,754
chengbai,长白朝鲜族自治县,755
tumen,图们市,756
dunhua,敦化市,757
liujing,龙井市,758
heliu,和龙市,759
wangqing,汪清县,760
antu,安图县,761
binxian,宾县,768
bayan,巴彦县,769
boli,勃利县,773
nehe,讷河市,774
longjiang,龙江县,775
yian,依安县,776
tailai,泰来县,777
gannan,甘南县,778
fuyuxian,富裕县,779
keshan,克山县,780
kedong,克东县,781
baiquan,拜泉县,782
beian,北安市,783
wudalianchi,五大连池市,784
nengjian,嫩江县,785
xunke,逊克县,786
sunwu,孙吴县,787
zhaozhou,肇州县,788
zhaoyuanxian,肇源县,789
lindian,林甸县,790
duerbote,杜尔伯特蒙古族自治县,791
luobei,萝北县,792
suibin,绥滨县,793
tieli,铁力市,794
jiayin,嘉荫县,795
tongjiang,同江市,796
fujin,富锦市,797
huanan,桦南县,798
huachuan,桦川县,799
tangyuan,汤原县,800
fuyuan,抚远县,801
sysjixianxian,集贤县,802
youyi,友谊县,803
baoqing,宝清县,804
raohe,饶河县,805
hulin,虎林市,806
mishan,密山市,807
jidong,鸡东县,808
muleng,穆棱市,809
suifenhe,绥芬河市,810
hailin,海林市,811
ningan,宁安市,812
dongning,东宁市,813
linkou,林口县,814
anda,安达市,815
zhaodong,肇东市,816
hailun,海伦市,817
wangkui,望奎县,818
lanxixian,兰西县,819
qinggang,青冈县,820
qingan,庆安县,821
mingshui,明水县,822
suileng,绥棱县,823
huma,呼玛县,824
tahe,塔河县,825
mohe,漠河县,826
pizhou,邳州市,828
xinyi,新沂市,829
szsuining,睢宁县,831
peixian,沛县,832
fengxian,丰县,833
ganyu,赣榆区,834
guanyun,灌云县,835
donghai,东海县,836
guannan,灌南县,837
shuyang,沭阳县,838
siyang,泗阳县,839
sihong,泗洪县,840
jinhu,金湖县,841
xuyi,盱眙县,842
hongze,洪泽县,843
lianshui,涟水县,844
dongtai,东台市,845
dafeng,大丰区,846
sheyang,射阳县,847
funing,抚宁区,848
funing,阜宁县,848
binhai,滨海县,849
xiangshui,响水县,850
jianhu,建湖县,851
baoying,宝应县,852
jingjian,靖江,853
taixing,泰兴市,854
jiangyan,姜堰区,855
xinghua,兴化市,856
haimen,海门市,857
qidong,启东市,858
tongzhou,通州区,859
rugao,如皋市,860
rudong,如东县,861
haian,海安县,862
yangzhong,扬中市,863
danyang,丹阳市,864
jurong,句容市,865
jintan,金坛区,866
liyang,溧阳,867
linan,临安,868
fuyangfy,富阳区,869
jiande,建德市,870
tonglu,桐庐县,871
chunan,淳安县,872
changxing,长兴县,873
deqing,德清县,874
anji,安吉县,875
pinghu,平湖市,876
haining,海宁市,877
tongxiang,桐乡市,878
jiashan,嘉善县,879
haiyan,海盐县,880
daishan,岱山县,881
shengsi,嵊泗县,882
zhuji,诸暨,883
shangyu,上虞区,884
shengzhou,嵊州市,885
shaoxingxian,柯桥区,886
xincang,新昌县,887
jianshan,江山市,888
changshan,常山县,889
kaihua,开化县,890
liuyou,龙游县,891
lanxi,兰溪市,892
yongkang,永康,893
dongyang,东阳,894
wuyixian,武义县,895
pujiang,浦江县,896
panan,磐安县,897
linhai,临海市,898
wenling,温岭市,899
sanmen,三门县,900
tiantai,天台县,901
xianju,仙居县,902
yuhuan,玉环县,903
ruian,瑞安,904
yueqing,乐清,905
pingyang,平阳,908
cangnan,苍南,911
liuquan,龙泉市,912
jinyun,缙云县,913
qingtian,青田县,914
yunhe,云和县,915
suicang,遂昌县,916
songyang,松阳县,917
lsqingyuan,庆元县,918
jingning,景宁畲族自治县,919
changfeng,长丰县,920
feidong,肥东县,921
feixi,肥西县,922
dangshan,砀山县,923
xiaoxian,萧县,924
lingbi,灵璧县,925
sixian,泗县,926
suixi,濉溪县,927
woyang,涡阳县,928
mengcheng,蒙城县,929
lixin,利辛县,930
jieshou,界首市,931
linquan,临泉县,932
taihe,太和县,933
funan,阜南县,934
yingshang,颍上县,935
huaiyuan,怀远县,936
wuhe,五河县,937
guzhen,固镇县,938
fengtai,凤台县,939
mingguang,明光市,940
tianchang,天长市,941
laian,来安县,942
quanjiao,全椒县,943
dingyuan,定远县,944
fengyangxian,凤阳县,945
dangtou,当涂县,946
wuhuxian,芜湖县,947
fancang,繁昌县,948
nanling,南陵县,949
tongcheng,桐城市,951
huaining,怀宁县,952
zongyang,枞阳县,953
qianshan,潜山县,954
taihu,太湖县,955
susong,宿松县,956
wangjian,望江县,957
yuexi,岳西县,958
hsxixian,歙县,959
xiuning,休宁县,960
hsyixian,黟县,961
qimen,祁门县,962
shouxian,寿县,963
huoqiu,霍邱县,964
shucheng,舒城县,965
jinzhai,金寨县,966
huoshan,霍山县,967
lujian,庐江县,968
wuweixian,无为县,969
hanshan,含山县,970
hexian,和县,971
dongzhi,东至县,972
shitai,石台县,973
qingyangxian,青阳县,974
ningguo,宁国市,975
langxi,郎溪县,976
guangde,广德县,977
jingxianxian,泾县,978
jingde,旌德县,979
jixixian,绩溪县,980
changle,长乐,981
lianjiangxian,连江县,983
luoyuan,罗源县,984
yongtai,永泰县,986
pingtan,平潭县,987
shaowu,邵武市,988
wuyishan,武夷山,989
jianou,建瓯市,990
shuncang,顺昌县,992
pucheng,浦城县,993
guangze,光泽县,994
songxi,松溪县,995
zhenghe,政和县,996
yongan,永安市,998
mingxi,明溪县,999
qingliu,清流县,1000
ninghua,宁化县,1001
datian,大田县,1002
youxi,尤溪县,1003
shaxian,沙县,1004
jiangle,将乐县,1005
taining,泰宁县,1006
jianning,建宁县,1007
shishi,石狮,1008
jinjiang,晋江,1009
nanan,南安市,1010
huian,惠安县,1011
anxi,安溪县,1012
yongchun,永春县,1013
dehua,德化县,1014
liuhai,龙海,1015
zhangpu,漳浦县,1017
zhangping,漳平市,1024
changting,长汀县,1025
yongding,永定区,1026
shanghang,上杭县,1027
wuping,武平县,1028
liancheng,连城县,1029
fuan,福安市,1030
fuding,福鼎,1031
shouning,寿宁县,1032
xiapu,霞浦县,1033
zherong,柘荣县,1034
pingnan,屏南县,1035
gutian,古田县,1036
zhouning,周宁县,1037
anyi,安义县,1040
ruicang,瑞昌市,1042
jiujiangxian,九江县,1043
wuning,武宁县,1044
xiushui,修水县,1045
yongxiu,永修县,1046
dean,德安县,1047
xingzi,星子县,1048
ducang,都昌县,1049
hukou,湖口县,1050
pengze,彭泽县,1051
leping,乐平市,1052
fuliang,浮梁县,1053
guixi,贵溪市,1054
yujian,余江县,1055
fenyi,分宜县,1056
lianhua,莲花县,1057
shangli,上栗县,1058
luxi,芦溪县,1059
ruijin,瑞金市,1060
nankang,南康区,1061
ganxian,赣县,1062
xinfeng,信丰县,1063
dayu,大余县,1064
shangyou,上犹县,1065
chongyi,崇义县,1066
anyuan,安远县,1067
liunan,龙南县,1068
dingnan,定南县,1069
quannan,全南县,1070
ningdu,宁都县,1071
yudu,于都县,1072
xingguo,兴国县,1073
huicang,会昌县,1074
xunwu,寻乌县,1075
shicheng,石城县,1076
dexing,德兴市,1077
shangraoxian,上饶县,1078
guangfeng,广丰区,1079
yushan,玉山县,1080
qianshanxian,铅山县,1081
hengfeng,横峰县,1082
sryiyang,弋阳县,1083
yugan,余干县,1084
poyang,鄱阳县,1085
wannian,万年县,1086
wuyuan,婺源县,1087
nancheng,南城县,1088
lichuanxian,黎川县,1089
nanfeng,南丰县,1090
chongren,崇仁县,1091
lean,乐安县,1092
yihuang,宜黄县,1093
jinxi,金溪县,1094
zixi,资溪县,1095
dongxiang,东乡县,1096
guangcang,广昌县,1097
fengchengshi,丰城市,1098
zhangshu,樟树市,1099
gaoan,高安市,1100
fengxin,奉新县,1101
wanzai,万载县,1102
shanggao,上高县,1103
yifeng,宜丰县,1104
jingan,靖安县,1105
tonggu,铜鼓县,1106
jinggangshan,井冈山市,1107
jianxian,吉安县,1108
jishui,吉水县,1109
xiajian,峡江县,1110
jaxinganxian,新干县,1111
yongfeng,永丰县,1112
taihexian,泰和县,1113
suichuan,遂川县,1114
wanan,万安县,1115
anfu,安福县,1116
yongxin,永新县,1117
zhangqiu,章丘,1118
pingyin,平阴县,1119
jiyang,济阳县,1120
shanghe,商河县,1121
linqing,临清市,1122
yanggu,阳谷县,1123
xinxian,莘县,1124
chiping,茌平县,1125
donga,东阿县,1126
guanxian,冠县,1127
gaotang,高唐县,1128
leling,乐陵市,1129
yucheng,禹城市,1130
lingxian,陵城区,1131
pingyuan,平原县,1132
xiajin,夏津县,1133
wucheng,武城县,1134
qihe,齐河县,1135
linyixian,临邑县,1136
ningjin,宁津县,1137
qingyun,庆云县,1138
kenli,垦利县,1139
lijin,利津县,1140
guangrao,广饶县,1141
huantai,桓台县,1142
gaoqing,高青县,1143
yiyuan,沂源县,1144
anqiu,安丘市,1145
cangyi,昌邑市,1146
gaomi,高密市,1147
qingzhou,青州市,1148
zhucheng,诸城市,1149
shouguang,寿光市,1150
linqu,临朐县,1151
cangle,昌乐县,1152
qixia,栖霞市,1153
haiyang,海阳市,1154
liukou,龙口市,1155
laiyang,莱阳市,1156
laizhou,莱州市,1157
penglai,蓬莱市,1158
zhaoyuan,招远市,1159
changdao,长岛县,1160
rongcheng,荣成,1161
rushan,乳山市,1162
wendeng,文登区,1163
wulian,五莲县,1169
juxian,莒县,1170
tancheng,郯城县,1171
junan,莒南县,1173
yishui,沂水县,1174
mengyin,蒙阴县,1175
pingyi,平邑县,1176
feixian,费县,1177
yinan,沂南县,1178
linshu,临沭县,1179
tengzhou,滕州市,1180
qufu,曲阜市,1181
yanzhou,兖州区,1182
zoucheng,邹城市,1183
weishan,微山县,1184
yutai,鱼台县,1185
jinxiang,金乡县,1186
jiaxiang,嘉祥县,1187
wenshang,汶上县,1188
sishui,泗水县,1189
liangshanxian,梁山县,1190
xintai,新泰市,1191
feicheng,肥城市,1192
ningyang,宁阳县,1193
dongping,东平县,1194
huimin,惠民县,1195
yangxin,阳信县,1196
wudi,无棣县,1197
zhanhua,沾化区,1198
boxing,博兴县,1199
zouping,邹平县,1200
caoxian,曹县,1201
dingtao,定陶县,1202
chengwu,成武县,1203
danxian,单县,1204
juye,巨野县,1205
yunchengxian,郓城县,1206
juancheng,鄄城县,1207
dongming,东明县,1208
xinzheng,新郑市,1209
dengfeng,登封市,1210
xinmi,新密市,1211
gongyi,巩义市,1212
xingyang,荥阳市,1213
zhongmo,中牟县,1214
yima,义马市,1215
lingbao,灵宝市,1216
shenchixian,渑池县,1217
shanxian,陕州区,1218
lushi,卢氏县,1219
yanshi,偃师市,1220
mengjin,孟津县,1221
xinan,新安县,1222
luanchuan,栾川县,1223
songxian,嵩县,1224
ruyang,汝阳县,1225
lyyiyang,宜阳县,1226
luoning,洛宁县,1227
yichuan,伊川县,1228
mengzhou,孟州市,1229
qinyang,沁阳市,1230
xiuwu,修武县,1231
boai,博爱县,1232
wuzhi,武陟县,1233
wenxian,温县,1234
weihui,卫辉市,1235
huixian,辉县市,1236
xinxiangxian,新乡县,1237
huojia,获嘉县,1238
yuanyang,原阳县,1239
yanjin,延津县,1240
fengqiu,封丘县,1241
changyuan,长垣县,1242
xunxian,浚县,1243
hbqixian,淇县,1244
linzhou,林州市,1245
anyangxian,安阳县,1246
tangyin,汤阴县,1247
huaxian,滑县,1248
neihuang,内黄县,1249
qingfeng,清丰县,1250
nanle,南乐县,1251
fanxian,范县,1252
taiqian,台前县,1253
puyangxian,濮阳县,1254
kfqixian,杞县,1255
tongxu,通许县,1256
weishi,尉氏县,1257
lankao,兰考县,1259
yongcheng,永城市,1260
yuchengxian,虞城县,1261
minquan,民权县,1262
ningling,宁陵县,1263
suixian,睢县,1264
xiayi,夏邑县,1265
zhecheng,柘城县,1266
yuzhou,禹州市,1267
changge,长葛市,1268
xuchangxian,许昌县,1269
yanling,鄢陵县,1270
xcxiangcheng,襄城县,1271
wuyang,舞阳县,1272
linying,临颍县,1273
wugang,舞钢市,1274
ruzhou,汝州市,1275
baofeng,宝丰县,1276
yexian,叶县,1277
pdslushan,鲁山县,1278
jiaxian,郏县,1279
dengzhou,邓州市,1280
nanzhao,南召县,1281
fangcheng,方城县,1282
xixia,西峡县,1283
zhenping,镇平县,1284
neixiang,内乡县,1285
xichuan,淅川县,1286
sheqi,社旗县,1287
tanghe,唐河县,1288
xinye,新野县,1289
tongbo,桐柏县,1290
xyxixian,息县,1291
huaibin,淮滨县,1292
guangshan,光山县,1293
gushi,固始县,1294
shangcheng,商城县,1295
luoshan,罗山县,1296
xinxianxian,新县,1297
xiangcheng,项城市,1298
fugou,扶沟县,1299
xihua,西华县,1300
shangshui,商水县,1301
taikang,太康县,1302
luyi,鹿邑县,1303
dancheng,郸城县,1304
huaiyang,淮阳县,1305
shenqiu,沈丘县,1306
queshan,确山县,1307
miyang,泌阳县,1308
suiping,遂平县,1309
xiping,西平县,1310
shangcha,上蔡县,1311
runan,汝南县,1312
pingyu,平舆县,1313
xincha,新蔡县,1314
zhengyang,正阳县,1315
danjiangkou,丹江口市,1316
zhushan,竹山县,1318
fangxian,房县,1319
yunxi,郧西县,1320
zhuxi,竹溪县,1321
laohekou,老河口市,1322
zaoyang,枣阳市,1323
yicheng,宜城市,1324
nanzhang,南漳县,1325
guchengxian,谷城县,1326
baokang,保康县,1327
zhongxiang,钟祥市,1328
shayang,沙洋县,1329
jingshan,京山县,1330
yingcheng,应城市,1331
anlu,安陆市,1332
hanchuan,汉川市,1333
xiaocang,孝昌县,1334
dawu,大悟县,1335
yunmeng,云梦县,1336
macheng,麻城市,1337
wuxue,武穴市,1338
hongan,红安县,1339
luotian,罗田县,1340
yingshan,英山县,1341
xishui,浠水县,1342
qichun,蕲春县,1343
huangmei,黄梅县,1344
tuanfeng,团风县,1345
daye,大冶市,1346
yangxinxian,阳新县,1347
chibi,赤壁市,1348
jiayu,嘉鱼县,1349
tongchengxian,通城县,1350
chongyang,崇阳县,1351
tongshanxian,通山县,1352
shishou,石首市,1353
honghu,洪湖市,1354
songzi,松滋市,1355
jianling,江陵县,1356
gongan,公安县,1357
jianli,监利县,1358
zhijian,枝江市,1359
yidu,宜都市,1360
dangyang,当阳市,1361
yuanan,远安县,1362
xingshan,兴山县,1363
zigui,秭归县,1364
changyang,长阳土家族自治县,1365
wufeng,五峰土家族自治县,1366
guangshui,广水市,1367
enshi,恩施市,1368
lichuan,利川市,1369
jianshixian,建始县,1370
badong,巴东县,1371
xuanen,宣恩县,1372
xianfeng,咸丰县,1373
laifeng,来凤县,1374
hefeng,鹤峰县,1375
liuyang,浏阳,1376
ningxiang,宁乡县,1379
cili,慈利县,1380
sangzhi,桑植县,1381
jinshi,津市市,1382
anxiang,安乡县,1383
hanshou,汉寿县,1384
cdlixian,澧县,1385
linli,临澧县,1386
taoyuanxian,桃源县,1387
shimen,石门县,1388
yuanjian,沅江市,1389
nanxian,南县,1390
taojian,桃江县,1391
anhua,安化县,1392
miluo,汨罗市,1393
linxiang,临湘市,1394
yueyangxian,岳阳县,1395
huarong,华容县,1396
xiangyin,湘阴县,1397
pingjian,平江县,1398
liling,醴陵市,1399
zhuzhouxian,株洲县,1400
youxian,攸县,1401
chaling,茶陵县,1402
yanlingxian,炎陵县,1403
xiangxiang,湘乡市,1404
shaoshan,韶山市,1405
xiangtanxian,湘潭县,1406
changning,常宁市,1407
leiyang,耒阳市,1408
hengyangxian,衡阳县,1409
hengnan,衡南县,1410
hengshan,衡山县,1411
hengdong,衡东县,1412
qidongxian,祁东县,1413
zixing,资兴市,1414
guiyangxian,桂阳县,1415
yongxing,永兴县,1416
yizhang,宜章县,1417
jiahe,嘉禾县,1418
linwu,临武县,1419
rucheng,汝城县,1420
guidong,桂东县,1421
anren,安仁县,1422
dongan,东安县,1423
daoxian,道县,1424
ningyuan,宁远县,1425
jianyong,江永县,1426
lanshan,蓝山县,1427
xintian,新田县,1428
shuangpai,双牌县,1429
qiyang,祁阳县,1430
jianghua,江华瑶族自治县,1431
wugangshi,武冈市,1432
shaodong,邵东县,1433
shaoyangxian,邵阳县,1434
xinshao,新邵县,1435
longhui,隆回县,1436
dongkou,洞口县,1437
zysuining,绥宁县,1438
xinning,新宁县,1439
chengbu,城步苗族自治县,1440
hongjian,洪江市,1441
yuanling,沅陵县,1442
chenxi,辰溪县,1443
xupu,溆浦县,1444
zhongfang,中方县,1445
huitong,会同县,1446
mayang,麻阳苗族自治县,1447
xinhuang,新晃侗族自治县,1448
zhijiang,芷江侗族自治县,1449
jingzhouxian,靖州苗族侗族自治县,1450
tongdao,通道侗族自治县,1451
lengshuijiang,冷水江市,1452
lianyuan,涟源市,1453
shuangfeng,双峰县,1454
xinhua,新化县,1455
jishou,吉首市,1456
xxluxi,泸溪县,1457
fenghuang,凤凰县,1458
huayuan,花垣县,1459
baojing,保靖县,1460
guzhang,古丈县,1461
yongshun,永顺县,1462
liushan,龙山县,1463
yingde,英德市,1464
lianzhou,连州市,1465
fogang,佛冈县,1466
yangshan,阳山县,1467
lianshan,连山壮族瑶族自治县,1469
liannan,连南瑶族自治县,1470
lecang,乐昌市,1471
nanxiong,南雄市,1472
shixing,始兴县,1473
renhua,仁化县,1474
wengyuan,翁源县,1475
xinfengxian,新丰县,1476
ruyuan,乳源瑶族自治县,1477
zijin,紫金县,1478
liuchuan,龙川县,1479
lianping,连平县,1480
heping,和平县,1481
dongyuan,东源县,1482
xingning,兴宁市,1483
meixian,梅县区,1484
dapu,大埔县,1485
fengshun,丰顺县,1486
wuhua,五华县,1487
pingyuanxian,平远县,1488
jiaoling,蕉岭县,1489
chaoan,潮安区,1490
raoping,饶平县,1491
nanao,南澳县,1492
puning,普宁市,1493
jiexi,揭西县,1495
huilai,惠来县,1496
lufeng,陆丰市,1497
haifeng,海丰县,1498
luhe,陆河县,1499
boluo,博罗县,1500
huidong,惠东县,1501
liumen,龙门县,1502
enping,恩平市,1503
taishan,台山市,1504
kaiping,开平市,1505
heshan,鹤山市,1506
gaoyao,高要区,1507
sihui,四会市,1508
guangning,广宁县,1509
huaiji,怀集县,1510
fengkai,封开县,1511
deqingxian,德庆县,1512
luoding,罗定市,1513
yunan,云安区,1514
xinxing,新兴县,1515
yunanxian,郁南县,1516
yangchun,阳春市,1517
yangxi,阳西县,1518
yangdong,阳东区,1519
huazhou,华州区,1520
huazhou,化州市,1520
xinyishi,信宜市,1521
gaozhou,高州市,1522
dianbai,电白区,1523
wuchuan,吴川市,1524
lianjian,廉江市,1525
leizhou,雷州市,1526
suixixian,遂溪县,1527
xuwen,徐闻县,1528
wuming,武鸣区,1529
hengxian,横县,1530
binyang,宾阳县,1531
shanglin,上林县,1532
longan,隆安县,1533
mashan,马山县,1534
yangsu,阳朔县,1535
lingchuanxian,灵川县,1537
quanzhouxian,全州县,1538
xinganxian,兴安县,1539
yongfu,永福县,1540
guanyang,灌阳县,1541
ziyuan,资源县,1542
pingle,平乐县,1543
lipu,荔浦县,1544
longsheng,龙胜各族自治县,1545
gongcheng,恭城瑶族自治县,1546
liujiang,柳江县,1547
liucheng,柳城县,1548
luzhai,鹿寨县,1549
rongan,融安县,1550
sanjiang,三江侗族自治县,1551
rongshui,融水苗族自治县,1552
cenxi,岑溪市,1553
cangwu,苍梧县,1554
tengxian,藤县,1555
mengshan,蒙山县,1556
guiping,桂平市,1557
pingnanxian,平南县,1558
beiliu,北流市,1559
xingye,兴业县,1560
rongxian,容县,1561
luchuan,陆川县,1562
bobai,博白县,1563
lingshan,灵山县,1564
pubei,浦北县,1565
hepu,合浦县,1566
dongxing,东兴市,1567
shangsi,上思县,1568
pingxiangshi,凭祥市,1569
fusui,扶绥县,1570
daxin,大新县,1571
tiandeng,天等县,1572
ningming,宁明县,1573
longzhou,龙州县,1574
tianyang,田阳县,1575
tiandong,田东县,1576
pingguo,平果县,1577
debao,德保县,1578
jingxi,靖西市,1579
napo,那坡县,1580
lingyun,凌云县,1581
leye,乐业县,1582
xilin,西林县,1583
tianlin,田林县,1584
longlin,隆林各族自治县,1585
yizhou,宜州市,1586
nandan,南丹县,1587
tiane,天峨县,1588
fengshan,凤山县,1589
donglan,东兰县,1590
bama,巴马瑶族自治县,1591
duan,都安瑶族自治县,1592
dahua,大化瑶族自治县,1593
luocheng,罗城仫佬族自治县,1594
huanjiang,环江毛南族自治县,1595
heshanshi,合山市,1596
xiangzhou,象州县,1597
wuxuan,武宣县,1598
xincheng,忻城县,1599
jinxiu,金秀瑶族自治县,1600
zhaoping,昭平县,1601
zhongshanxian,钟山县,1602
fuchuan,富川瑶族自治县,1603
dujiangyan,都江堰市,1604
pengzhou,彭州市,1605
jintang,金堂县,1608
shuangliu,双流区,1609
pixian,郫县,1610
dayi,大邑县,1611
pujiangxian,蒲江县,1612
xinjin,新津县,1613
wangcang,旺苍县,1614
qingchuan,青川县,1615
jiange,剑阁县,1616
cangxi,苍溪县,1617
jianyou,江油市,1618
santai,三台县,1619
yanting,盐亭县,1620
anxian,安县,1621
zitong,梓潼县,1622
beichuan,北川羌族自治县,1623
pingwu,平武县,1624
shifang,什邡市,1625
guanghan,广汉市,1626
mianzhu,绵竹市,1627
luojian,罗江县,1628
zhongjian,中江县,1629
langzhong,阆中市,1630
nanbu,南部县,1631
yingshanxian,营山县,1632
pengan,蓬安县,1633
yilong,仪陇县,1634
xichong,西充县,1635
huayinshi,华蓥市,1636
yuechi,岳池县,1637
wusheng,武胜县,1638
linshui,邻水县,1639
pengxi,蓬溪县,1640
shehong,射洪县,1641
daying,大英县,1642
weiyuan,威远县,1643
zizhong,资中县,1644
longcang,隆昌县,1645
emeishan,峨眉山市,1646
jianwei,犍为县,1647
jingyan,井研县,1648
jiajian,夹江县,1649
muchuan,沐川县,1650
ebian,峨边彝族自治县,1651
mabian,马边彝族自治县,1652
rongxianxian,荣县,1653
fushunxian,富顺县,1654
luxian,泸县,1655
hejianxian,合江县,1656
xuyong,叙永县,1657
gulin,古蔺县,1658
yibinxian,宜宾县,1659
jianan,江安县,1661
changningxian,长宁县,1662
gaoxian,高县,1663
junlian,筠连县,1664
gongxian,珙县,1665
xingwen,兴文县,1666
pingshanxian,屏山县,1667
miyi,米易县,1668
yanbianxian,盐边县,1669
tongjiangxian,通江县,1670
nanjiang,南江县,1671
pingcang,平昌县,1672
wanyuan,万源市,1673
xuanhan,宣汉县,1675
kaijian,开江县,1676
dazhu,大竹县,1677
quxian,渠县,1678
jianyang,简阳市,1679
lezhi,乐至县,1680
anyue,安岳县,1681
renshou,仁寿县,1682
pengshan,彭山区,1683
hongya,洪雅县,1684
danleng,丹棱县,1685
qingshen,青神县,1686
yingjing,荥经县,1688
hanyuan,汉源县,1689
shimian,石棉县,1690
tianquan,天全县,1691
yalushan,芦山县,1692
baoxing,宝兴县,1693
maerkang,马尔康区,1694
wenchuan,汶川县,1695
ablixian,理县,1696
maoxian,茂县,1697
songpan,松潘县,1698
jiuzhaigou,九寨沟县,1699
jinchuan,金川县,1700
xiaojin,小金县,1701
heishui,黑水县,1702
rangtang,壤塘县,1703
abaxian,阿坝县,1704
nuoergai,若尔盖县,1705
hongyuan,红原县,1706
luding,泸定县,1707
danba,丹巴县,1708
jiuliu,九龙县,1709
yajian,雅江县,1710
daofu,道孚县,1711
luhuo,炉霍县,1712
ganzixian,甘孜县,1713
xinliu,新龙县,1714
dege,德格县,1715
baiyu,白玉县,1716
shiqu,石渠县,1717
seda,色达县,1718
litang,理塘县,1719
batang,巴塘县,1720
gzzxiangcheng,乡城县,1721
daocheng,稻城县,1722
derong,得荣县,1723
yanyuan,盐源县,1724
decang,德昌县,1725
huili,会理县,1726
huidongxian,会东县,1727
ningnan,宁南县,1728
puge,普格县,1729
butuo,布拖县,1730
jinyang,金阳县,1731
zhaojue,昭觉县,1732
xide,喜德县,1733
mianning,冕宁县,1734
yuexixian,越西县,1735
ganluo,甘洛县,1736
meigu,美姑县,1737
leibo,雷波县,1738
muli,木里藏族自治县,1739
qingzhen,清镇市,1740
kaiyang,开阳县,1741
xiuwen,修文县,1742
xifengxian,息烽县,1743
panxian,盘县,1744
chishui,赤水市,1745
renhuai,仁怀市,1746
zunyixian,遵义县,1747
tongzi,桐梓县,1748
suiyang,绥阳县,1749
zhengan,正安县,1750
fenggang,凤冈县,1751
meitan,湄潭县,1752
yuqing,余庆县,1753
xishuixian,习水县,1754
daozhen,道真仡佬族苗族自治县,1755
wuchuanzzxian,务川仡佬族苗族自治县,1756
pingba,平坝区,1757
puding,普定县,1758
guanling,关岭布依族苗族自治县,1759
zhenning,镇宁布依族苗族自治县,1760
ziyun,紫云苗族布依族自治县,1761
bijie,七星关区,1762
dafang,大方县,1763
qianxixian,黔西县,1764
jinsha,金沙县,1765
zhijin,织金县,1766
nayong,纳雍县,1767
hezhang,赫章县,1768
weining,威宁彝族回族苗族自治县,1769
tongren,碧江区,1770
jiankou,江口县,1771
shiqian,石阡县,1772
sinan,思南县,1773
dejian,德江县,1774
yuping,玉屏侗族自治县,1775
yinjiang,印江土家族苗族自治县,1776
yanhe,沿河土家族自治县,1777
songtao,松桃苗族自治县,1778
kaili,凯里市,1779
huangping,黄平县,1780
shibing,施秉县,1781
sansui,三穗县,1782
zhenyuan,镇远县,1783
cengong,岑巩县,1784
tianzhu,天柱县,1785
jinping,锦屏县,1786
jianhe,剑河县,1787
taijian,台江县,1788
liping,黎平县,1789
rongjian,榕江县,1790
congjian,从江县,1791
leishan,雷山县,1792
majian,麻江县,1793
danzhai,丹寨县,1794
duyun,都匀市,1795
fuquan,福泉市,1796
libo,荔波县,1797
guiding,贵定县,1798
wengan,瓮安县,1799
dushan,独山县,1800
pingtang,平塘县,1801
luodian,罗甸县,1802
changshun,长顺县,1803
liuli,龙里县,1804
huishui,惠水县,1805
sandu,三都水族自治县,1806
xingyi,兴义市,1807
xingren,兴仁县,1808
puan,普安县,1809
qinglongxian,晴隆县,1810
zhenfeng,贞丰县,1811
wangmo,望谟县,1812
ceheng,册亨县,1813
anliu,安龙县,1814
anning,安宁市,1815
chenggong,呈贡区,1816
jinning,晋宁县,1817
fumin,富民县,1818
yiliang,宜良县,1819
songming,嵩明县,1820
shilin,石林彝族自治县,1821
luquanxian,禄劝彝族苗族自治县,1822
xundian,寻甸回族彝族自治县,1823
xuanwei,宣威市,1824
maliu,马龙县,1825
zhanyi,沾益区,1826
fuyuanxian,富源县,1827
luoping,罗平县,1828
shizong,师宗县,1829
luliang,陆良县,1830
huize,会泽县,1831
jiangchuan,江川区,1832
chengjian,澄江县,1833
tonghai,通海县,1834
huaning,华宁县,1835
yimen,易门县,1836
eshan,峨山彝族自治县,1837
xinping,新平彝族傣族自治县,1838
yuanjiang,元江哈尼族彝族傣族自治县,1839
shidian,施甸县,1840
tengchong,腾冲市,1841
liuling,龙陵县,1842
cangning,昌宁县,1843
ludian,鲁甸县,1844
qiaojia,巧家县,1845
yanjinxian,盐津县,1846
daguan,大关县,1847
yongshan,永善县,1848
suijian,绥江县,1849
zhenxiong,镇雄县,1850
yiliangxian,彝良县,1851
weixin,威信县,1852
shuifu,水富县,1853
yongsheng,永胜县,1854
huapin,华坪县,1855
yulong,玉龙纳西族自治县,1856
ninglang,宁蒗彝族自治县,1857
mojiang,墨江哈尼族自治县,1859
jingdong,景东彝族自治县,1860
jinggu,景谷傣族彝族自治县,1861
zhenyuanzzxian,镇沅彝族哈尼族拉祜族自治县,1862
jiangcheng,江城哈尼族彝族自治县,1863
menglian,孟连傣族拉祜族佤族自治县,1864
lancang,澜沧拉祜族自治县,1865
ximeng,西盟佤族自治县,1866
fengqing,凤庆县,1867
yunxianxian,云县,1868
yongde,永德县,1869
zhenkang,镇康县,1870
shuangjiang,双江拉祜族佤族布朗族傣族自治县,1871
genma,耿马傣族佤族自治县,1872
changyuanxian,沧源佤族自治县,1873
luxishi,芒市,1874
ruili,瑞丽市,1875
lianghe,梁河县,1876
yingjian,盈江县,1877
longchuan,陇川县,1878
lushui,泸水县,1879
fugong,福贡县,1880
gongshan,贡山独龙族怒族自治县,1881
lanping,兰坪白族普米族自治县,1882
xianggelila,香格里拉市,1883
deqin,德钦县,1884
weixi,维西傈僳族自治县,1885
xiangyun,祥云县,1887
binchuan,宾川县,1888
midu,弥渡县,1889
yongping,永平县,1890
yunliu,云龙县,1891
eryuan,洱源县,1892
jianchuan,剑川县,1893
heqing,鹤庆县,1894
yangbi,漾濞彝族自治县,1895
nanjian,南涧彝族自治县,1896
weishanxian,巍山彝族回族自治县,1897
chuxiong,楚雄市,1898
shuangbo,双柏县,1899
moding,牟定县,1900
nanhua,南华县,1901
yaoan,姚安县,1902
dayao,大姚县,1903
yongren,永仁县,1904
yuanmou,元谋县,1905
wuding,武定县,1906
lufengxian,禄丰县,1907
jinghong,景洪市,1908
menghai,勐海县,1909
mengla,勐腊县,1910
mengzi,蒙自市,1911
gejiu,个旧市,1912
kaiyuanshi,开远市,1913
lvchun,绿春县,1914
jianshui,建水县,1915
shiping,石屏县,1916
mile,弥勒市,1917
hhluxi,泸西县,1918
yuanyangxian,元阳县,1919
honghexian,红河县,1920
jinpingxian,金平苗族瑶族傣族自治县,1921
helou,河口瑶族自治县,1922
pingbian,屏边苗族自治县,1923
yanshanxian,砚山县,1925
xichou,西畴县,1926
malipo,麻栗坡县,1927
maguan,马关县,1928
qiubei,丘北县,1929
guangnan,广南县,1930
wszfuning,富宁县,1931
linzhouxian,林周县,1932
dangxiong,当雄县,1933
nimu,尼木县,1934
qushui,曲水县,1935
duilongdeqing,堆龙德庆区,1936
dazi,达孜县,1937
muzhugongka,墨竹工卡县,1938
naquxian,那曲县,1939
jiali,嘉黎县,1940
biru,比如县,1941
nierong,聂荣县,1942
anduo,安多县,1943
shenzha,申扎县,1944
suoxian,索县,1945
bange,班戈县,1946
baqing,巴青县,1947
nima,尼玛县,1948
changdu,卡若区,1949
jianda,江达县,1950
gongjue,贡觉县,1951
leiwuqi,类乌齐县,1952
dingqing,丁青县,1953
chaya,察雅县,1954
basu,八宿县,1955
zuogong,左贡县,1956
mangkang,芒康县,1957
luolong,洛隆县,1958
bianba,边坝县,1959
linzhixian,巴宜区,1960
gongbujiangda,工布江达县,1961
milin,米林县,1962
motuo,墨脱县,1963
bomi,波密县,1964
chayu,察隅县,1965
langxian,朗县,1966
naidong,乃东区,1967
zhanang,扎囊县,1968
gongga,贡嘎县,1969
sangri,桑日县,1970
qiongjie,琼结县,1971
qusong,曲松县,1972
cuomei,措美县,1973
luozha,洛扎县,1974
jiacha,加查县,1975
longzi,隆子县,1976
cuona,错那县,1977
kalangzi,浪卡子县,1978
rikaze,桑珠孜区,1979
nanmulin,南木林县,1980
jianzi,江孜县,1981
dingri,定日县,1982
sajia,萨迦县,1983
lazi,拉孜县,1984
angren,昂仁县,1985
xietongmen,谢通门县,1986
bailang,白朗县,1987
renbu,仁布县,1988
kangma,康马县,1989
dingjie,定结县,1990
zhongba,仲巴县,1991
yadong,亚东县,1992
jilong,吉隆县,1993
nielamu,聂拉木县,1994
saga,萨嘎县,1995
gangba,岗巴县,1996
geer,噶尔县,1997
pulan,普兰县,1998
zhada,札达县,1999
ritou,日土县,2000
geji,革吉县,2001
gaize,改则县,2002
cuoqin,措勤县,2003
lantian,蓝田县,2004
zhouzhi,周至县,2005
huxian,户县,2006
gaoling,高陵区,2007
yanchang,延长县,2008
yanchuan,延川县,2009
zichang,子长县,2010
ansai,安塞县,2011
zhidan,志丹县,2012
wuqi,吴起县,2013
ganquan,甘泉县,2014
fuxian,富县,2015
luochuan,洛川县,2016
yichuanxian,宜川县,2017
huangliu,黄龙县,2018
huangling,黄陵县,2019
yijun,宜君县,2020
huayin,华阴市,2021
hancheng,韩城市,2022
tongguan,潼关县,2024
dalixian,大荔县,2025
puchengxian,蒲城县,2026
chengcheng,澄城县,2027
baishui,白水县,2028
heyang,合阳县,2029
fupingxian,富平县,2030
xingping,兴平市,2031
sanyuan,三原县,2032
jingyang,泾阳县,2033
qianxian,乾县,2034
liquan,礼泉县,2035
yongshou,永寿县,2036
binxianshi,彬县,2037
changwu,长武县,2038
xunyi,旬邑县,2039
chunhua,淳化县,2040
wugong,武功县,2041
fengxiang,凤翔县,2042
qishan,岐山县,2043
fufeng,扶风县,2044
bjmeixian,眉县,2045
longxian,陇县,2046
qianyang,千阳县,2047
linyou,麟游县,2048
fengxianxian,凤县,2049
taibai,太白县,2050
nanzheng,南郑县,2051
chenggu,城固县,2052
yangxian,洋县,2053
xixiang,西乡县,2054
mianxian,勉县,2055
ningqiang,宁强县,2056
lueyang,略阳县,2057
zhenba,镇巴县,2058
liuba,留坝县,2059
fopin,佛坪县,2060
shenmu,神木县,2061
fugu,府谷县,2062
jingbian,靖边县,2064
dingbian,定边县,2065
suide,绥德县,2066
mizhi,米脂县,2067
jiaxianxian,佳县,2068
wubao,吴堡县,2069
qingjian,清涧县,2070
zizhou,子洲县,2071
hanyin,汉阴县,2072
shiquan,石泉县,2073
ningshan,宁陕县,2074
ziyangxian,紫阳县,2075
langao,岚皋县,2076
pingli,平利县,2077
zhenpin,镇坪县,2078
xunyang,旬阳县,2079
baihe,白河县,2080
luonan,洛南县,2081
danfeng,丹凤县,2082
shangnan,商南县,2083
shanyang,山阳县,2084
zhenan,镇安县,2085
zuoshui,柞水县,2086
yongdeng,永登县,2087
gaolan,皋兰县,2088
yuzhong,榆中县,2089
yongcang,永昌县,2090
jingyuan,靖远县,2091
huining,会宁县,2092
jingtai,景泰县,2093
qingshui,清水县,2094
qinan,秦安县,2095
gangu,甘谷县,2096
wushan,武山县,2097
zhangjiachuan,张家川回族自治县,2098
minqin,民勤县,2099
gulang,古浪县,2100
tianzhuxian,天祝藏族自治县,2101
yumen,玉门市,2102
dunhuang,敦煌市,2103
jinta,金塔县,2104
anxixian,瓜州县,2105
subei,肃北蒙古族自治县,2106
akesai,阿克塞哈萨克族自治县,2107
minle,民乐县,2108
linze,临泽县,2109
gaotai,高台县,2110
shandan,山丹县,2111
sunan,肃南裕固族自治县,2112
qingcheng,庆城县,2113
huanxian,环县,2114
huachi,华池县,2115
heshui,合水县,2116
zhengning,正宁县,2117
ningxian,宁县,2118
zhenyuanxian,镇原县,2119
jingchuan,泾川县,2120
lingtai,灵台县,2121
chongxin,崇信县,2122
huating,华亭县,2123
zhuanglang,庄浪县,2124
jingningxian,静宁县,2125
tongwei,通渭县,2126
lintao,临洮县,2127
zhangxian,漳县,2128
minxian,岷县,2129
weiyuanxian,渭源县,2130
longxi,陇西县,2131
chengxian,成县,2132
dangcang,宕昌县,2133
kangxian,康县,2134
wenxianxian,文县,2135
xihe,西和县,2136
lnlixian,礼县,2137
liangdang,两当县,2138
huixianxian,徽县,2139
linxia,临夏市,2140
linxiaxian,临夏县,2141
kangle,康乐县,2142
yongjing,永靖县,2143
guanghe,广河县,2144
hezheng,和政县,2145
dongxiangzu,东乡族自治县,2146
jishishan,积石山保安族东乡族撒拉族自治县,2147
hezuo,合作市,2148
lintan,临潭县,2149
zhuoni,卓尼县,2150
zhouqu,舟曲县,2151
diebu,迭部县,2152
maqu,玛曲县,2153
luqu,碌曲县,2154
xiahe,夏河县,2155
datongzzxian,大通回族土族自治县,2156
huangyuan,湟源县,2157
huangzhong,湟中县,2158
pingan,平安区,2159
minhe,民和回族土族自治县,2161
huzhu,互助土族自治县,2162
hualong,化隆回族自治县,2163
xunhua,循化撒拉族自治县,2164
haiyanxian,海晏县,2165
qilian,祁连县,2166
gangcha,刚察县,2167
menyuan,门源回族自治县,2168
tongrenxian,同仁县,2169
jianzha,尖扎县,2170
zekun,泽库县,2171
henanxian,河南蒙古族自治县,2172
maqin,玛沁县,2173
banma,班玛县,2174
gande,甘德县,2175
dari,达日县,2176
jiuzhi,久治县,2177
maduo,玛多县,2178
yushushi,榆树市,2179
yushushi,玉树市,2179
zaduo,杂多县,2180
chenduo,称多县,2181
zhiduo,治多县,2182
nangqian,囊谦县,2183
qumalai,曲麻莱县,2184
delingha,德令哈市,2185
wulan,乌兰县,2186
dulan,都兰县,2187
tianjun,天峻县,2188
lingwu,灵武市,2189
yongning,永宁县,2190
helan,贺兰县,2191
pingluo,平罗县,2192
qingtongxia,青铜峡市,2193
yanchi,盐池县,2194
tongxin,同心县,2195
xiji,西吉县,2196
longde,隆德县,2197
jingyuanxian,泾源县,2198
pengyang,彭阳县,2199
wulumuqixian,乌鲁木齐县,2200
kashi,喀什市,2201
shufu,疏附县,2202
shule,疏勒县,2203
yingjisha,英吉沙县,2204
zepu,泽普县,2205
shache,莎车县,2206
yecheng,叶城县,2207
maigaiti,麦盖提县,2208
yuepuhu,岳普湖县,2209
jiashi,伽师县,2210
bachu,巴楚县,2211
tashikuergan,塔什库尔干塔吉克自治县,2212
akesu,阿克苏市,2213
wensu,温宿县,2214
kunche,库车县,2215
shaya,沙雅县,2216
xinhexian,新和县,2217
baichengxian,拜城县,2218
wushi,乌什县,2219
awati,阿瓦提县,2220
kepin,柯坪县,2221
hetian,和田市,2222
hetianxian,和田县,2223
moyu,墨玉县,2224
pishan,皮山县,2225
luopu,洛浦县,2226
cele,策勒县,2227
yutianxian,于田县,2228
minfeng,民丰县,2229
tulufan,高昌区,2230
shanshan,鄯善县,2231
tuokexun,托克逊县,2232
hami,哈密市,2233
yiwuxian,伊吾县,2234
atushi,阿图什市,2236
aketao,阿克陶县,2237
aheqi,阿合奇县,2238
wuqia,乌恰县,2239
bole,博乐市,2240
jinghe,精河县,2241
wenquan,温泉县,2242
changji,昌吉市,2243
fukang,阜康市,2244
hutubi,呼图壁县,2246
manasi,玛纳斯县,2247
qitai,奇台县,2248
jimusaer,吉木萨尔县,2249
mulei,木垒哈萨克自治县,2250
luntai,轮台县,2251
weili,尉犁县,2252
ruoqiang,若羌县,2253
qiemo,且末县,2254
hejing,和静县,2255
heshuo,和硕县,2256
bohu,博湖县,2257
yanqi,焉耆回族自治县,2258
yining,伊宁市,2259
yiningxian,伊宁县,2260
huocheng,霍城县,2261
gongliu,巩留县,2262
xinyuan,新源县,2263
zhaosu,昭苏县,2264
tekesi,特克斯县,2265
nileke,尼勒克县,2266
chabuchaer,察布查尔锡伯自治县,2267
tacheng,塔城市,2268
wusu,乌苏市,2269
emin,额敏县,2270
shawan,沙湾县,2271
tuoli,托里县,2272
yumin,裕民县,2273
hebukesaier,和布克赛尔蒙古自治县,2274
aletai,阿勒泰市,2275
buerjin,布尔津县,2276
fuyun,富蕴县,2277
fuhai,福海县,2278
habahe,哈巴河县,2279
qinghexian,青河县,2280
jimumai,吉木乃县,2281
tongnan,潼南区,2283
tongliang,铜梁区,2284
rongcang,荣昌区,2286
bishan,璧山区,2287
dianjian,垫江县,2288
wulong,武隆县,2289
fengdu,丰都县,2290
chengkou,城口县,2291
liangping,梁平县,2292
kaixian,开县,2293
wuxia,巫溪县,2294
wushanxian,巫山县,2295
fengjie,奉节县,2296
yunyang,云阳县,2297
zhongxian,忠县,2298
shizhu,石柱土家族自治县,2299
pengshui,彭水苗族土家族自治县,2300
youyang,酉阳土家族苗族自治县,2301
xiushan,秀山土家族苗族自治县,2302
gonghe,共和县,2303
ninghai,宁海,2308
xiangshan,象山,2309
sansha,三沙,2310
malaysia,马来西亚,2312
thailand,泰国,2313
korea,韩国,2314
korea,韩国,2314
japan,日本,2315
japan,日本,2315
cambodia,柬埔寨,2316
vietnam,越南,2317
vietnam,越南,2317
australia,澳大利亚,2318
newzealand,新西兰,2319
newzealand,新西兰,2319
melbourne,墨尔本,2322
tainan,台南,2338
taoyuan,桃园,2339
samui,苏梅岛,2346
kohphiphi,皮皮岛,2347
kohphiphi,皮皮岛,2347
chiangrai,清莱,2348
chiangrai,清莱,2348
pai,拜县,2349
kohsamet,沙美岛,2350
kohsamet,沙美岛,2350
penang,槟城,2360
penang,槟城,2360
langkawi,兰卡威,2361
siemreap,暹粒,2363
siemreap,暹粒,2363
phnompenh,金边,2364
phnompenh,金边,2364
sihanoukville,西哈努克,2365
sihanoukville,西哈努克,2365
hochiminh,胡志明市,2366
hanoi,河内,2367
haiphong,海防市,2368
sydney,悉尼,2379
sydney,悉尼,2379
goldcoast,黄金海岸,2380
goldcoast,黄金海岸,2380
brisbane,布里斯班,2381
canberra,堪培拉,2382
canberra,堪培拉,2382
cairns,凯恩斯,2383
cairns,凯恩斯,2383
auckland,奥克兰,2384
queenstown,皇后镇,2385
queenstown,皇后镇,2385
wellington,惠灵顿,2386
wellington,惠灵顿,2386
christchurch,基督城,2387
christchurch,基督城,2387
barcelona,巴塞罗纳,2449
madrid,马德里,2450
seville,塞维利亚,2451
majorca,马略卡岛,2452
malacca,马六甲,3033
naraken,奈良,3034
nagoya,名古屋,3080
incheon,仁川,3081
yokohama,横滨,3082
nhatrang,芽庄,3094
hoian,会安,3095
dalat,大叻,3097
versailles,凡尔赛,3098
avignon,阿维尼翁,3100
fontainebleau,枫丹白露,3105
washington,华盛顿,3106
philadelphia,费城,3108
heidelberg,海德堡,3112
fussen,福森,3116
dusseldorf,杜塞尔多夫,3118
lausanne,洛桑,3122
milano,米兰,3124
bath,巴斯,3125
york,约克,3128
dubai,迪拜,3145
abudhabi,阿布扎比,3146
copenhagen,哥本哈根,3149
moscow,莫斯科,3150
saintpetersburg,圣彼得堡,3151
vatican,梵蒂冈,3152
helsinki,赫尔辛基,3154
monaco,摩纳哥,3156
oslo,奥斯陆,3163
keelung,基隆,3170
taitung,台东,3171
chiayi,嘉义,3172
ilan,宜兰,3173
hsinchu,新竹,3174
zhanghua,彰化,3175
miaoli,苗栗,3177
mongolia,蒙古,3178
northkorea,朝鲜,3179
pyongyang,平壤,3180
kangwon-do,江原道,3181
daegu,大邱,3183
gyeongju,庆州,3185
kanagawa,神奈川,3186
shizuoka,静冈,3187
aichi,爱知,3188
hyogo,兵库,3189
kamakura,镰仓,3190
nagasaki,长崎,3191
kumamoto,熊本,3192
oita,大分,3193
kagoshima,鹿儿岛,3194
nikko,日光市,3196
beppu,别府,3198
nagano,长野,3199
wakayama,和歌山,3201
miyagi,宫城,3202
ibaraki,茨城,3203
gifu,岐阜,3205
kobe,神户,3206
aomori,青森,3207
chiba,千叶,3208
hiroshima,广岛,3209
dumaguete,杜马盖地,3210
halongbay,下龙湾,3211
muine,美奈,3212
danang,岘港,3213
hue,顺化,3214
phanthiet,藩切,3216
laocai,老街市,3217
luangprabang,琅勃拉邦,3218
vientiane,万象,3219
houeisay,会晒,3221
pakse,巴色,3222
yangon,仰光,3223
bagan,蒲甘,3224
mandalay,曼德勒,3225
krabitown,甲米,3226
sukhothai,素可泰,3227
ayutthaya,大城,3228
huahin,华欣,3230
bhutan,不丹,3231
easttimor,东帝汶,3232
centralafrica,中非,3233
denmark,丹麦,3234
helsingor,赫尔辛格,3235
odense,欧登塞,3236
arhus,奥胡斯,3237
ukraine,乌克兰,3238
uzbekistan,乌兹别克斯坦,3239
uganda,乌干达,3240
uruguay,乌拉圭,3241
chad,乍得,3242
armenia,亚美尼亚,3244
azores,亚速尔群岛,3245
jerusalem,耶路撒冷,3246
telaviv,特拉维夫,3247
haifa,海法,3248
iraq,伊拉克,3249
iran,伊朗,3250
tehran,德黑兰,3251
sfahan,伊斯法罕,3252
shiraz,设拉子,3253
yazd,亚兹德,3254
kashan,卡尚,3255
belize,伯利兹,3256
capeverde,佛得角,3257
russia,俄罗斯,3258
vladivostok,海参葳,3259
ekaterinburg,叶卡捷琳堡,3262
vladimir,弗拉基米尔,3263
irkutsk,伊尔库茨克,3264
bulgarian,保加利亚,3265
sofia,索非亚,3266
croatia,克罗地亚,3267
zagreb,萨格勒布,3268
dubrovnik,杜布罗夫尼克,3269
split,斯普利特,3270
guam,关岛,3271
gambia,冈比亚,3272
iceland,冰岛,3273
vic,维克,3275
reykjavik,雷克雅未克,3276
guinea,几内亚,3277
liechtenstein,列支敦士登,3279
vaduz,瓦杜兹,3280
rpblicthecongo,刚果共和国,3281
libya,利比亚,3283
liberia,利比里亚,3284
victoria,维多利亚,3285
quebec,魁北克,3286
ontario,安大略省,3287
britishcolumbia,不列颠哥伦比亚省,3288
banffpark,班夫国家公园,3291
calgary,卡尔加里,3294
niagaraonlake,尼亚加拉湖边小镇,3295
kingston,金斯顿,3298
edmonton,埃德蒙顿,3299
whistler,惠斯勒,3300
canada,加拿大,3301
ghana,加纳,3302
gabon,加蓬,3303
canaryislands,加那利群岛,3304
hungary,匈牙利,3305
northernmariana,北马里亚纳,3306
southafrica,南非,3307
suncity,太阳城,3308
botswana,博茨瓦纳,3309
qatar,卡塔尔,3310
rwanda,卢旺达,3311
luxembourg,卢森堡,3312
luxembourgcity,卢森堡市,3313
india,印度,3314
udaipur,乌代布尔,3315
jodhpur,焦特布尔,3316
delhi,德里,3317
rajasthan,拉贾斯坦邦,3318
calcutta,加尔各答,3319
amritsar,阿姆利则,3320
jaisalmer,杰伊瑟尔梅尔,3321
khajuraho,克久拉霍,3322
bangalore,班加罗尔,3323
chennai,金奈,3324
pulaubintan,民丹岛,3325
surabaya,泗水,3326
batam,巴淡岛,3328
yogyakarta,日惹,3331
guatemala,危地马拉,3332
ecuador,厄瓜多尔,3333
eritrea,厄立特里亚,3334
syria,叙利亚,3335
cuba,古巴,3336
havana,哈瓦那,3337
varadero,巴拉德罗,3338
kyrgyzstan,吉尔吉斯斯坦,3339
djibouti,吉布提,3340
kazakhstan,哈萨克斯坦,3341
colombia,哥伦比亚,3342
cameroon,喀麦隆,3343
turkmenistan,土库曼斯坦,3345
turkey,土耳其,3346
cappadocia,卡帕多奇亚,3347
goreme,格雷梅,3348
fethiye,费特希耶,3349
kusadasi,库萨达斯,3350
kayseri,开塞利,3352
bodrum,博德鲁姆,3353
selcuk,赛尔丘克,3354
canakkale,恰纳卡莱,3355
side,西戴,3356
saintlucia,圣卢西亚,3357
stkittsandnevis,圣基茨和尼维斯,3358
standp,圣多美和普林西比,3359
svandg,圣文森特和格林纳丁斯,3360
sainthelena,圣赫勒拿,3361
sanmarino,圣马力诺,3362
guyana,圭亚那,3363
arusha,阿鲁沙,3366
egypt,埃及,3367
hurghada,胡尔格达,3371
sharmel-sheikh,沙姆沙伊赫,3372
addisababa,亚的斯亚贝巴,3375
kiribati,基里巴斯,3376
tajikistan,塔吉克斯坦,3377
senegal,塞内加尔,3378
serbia,塞尔维亚,3379
belgrade,贝尔格莱德,3380
sierraleone,塞拉利昂,3381
cyprus,塞浦路斯,3382
mexico,墨西哥,3383
yucatanpeninsul,尤卡坦半岛,3384
tulum,图卢姆,3387
togo,多哥,3388
dominica,多米尼克,3389
dominican,多米尼加共和国,3390
austria,奥地利,3391
linz,林茨,3392
badischl,巴德依舍,3393
stwolfgang,圣沃尔夫冈,3394
graz,格拉茨,3395
hallstatt,哈尔施塔特,3396
venezuela,委内瑞拉,3397
bangladesh,孟加拉国,3398
angola,安哥拉,3399
anguilla,安圭拉,3400
antigandbarbuda,安提瓜和巴布达,3401
andorra,安道尔,3402
micronesia,密克罗尼西亚,3403
nicaragua,尼加拉瓜,3404
niger,尼日尔,3405
lumbini,蓝毗尼,3406
kathmandu,加德满都,3408
pokhara,博卡拉,3409
bhaktapur,巴德岗,3410
patan,帕坦,3411
palestine,巴勒斯坦,3413
nassau,拿骚,3414
bahamas,巴哈马,3415
pakistan,巴基斯坦,3416
barbados,巴巴多斯,3417
papuanewguinea,巴布亚新几内亚,3418
paraguay,巴拉圭,3419
panama,巴拿马,3420
bahrain,巴林,3421
brazil,巴西,3422
burkinafaso,布基纳法索,3424
burundi,布隆迪,3425
greece,希腊,3426
olympia,奥林匹亚,3428
cookislands,库克群岛,3429
caymanislands,开曼群岛,3430
germany,德国,3431
freiburg,弗莱堡,3432
hannover,汉诺威,3433
bremen,不莱梅,3434
bonn,波恩,3435
mainz,美因茨,3436
leipzig,莱比锡,3438
stuttgart,斯图加特,3439
westphalia,北莱茵-威斯特法伦,3440
dresden,德累斯顿,3442
nuremberg,纽伦堡,3443
berchtesgaden,贝希特斯加登,3444
badenbaden,巴登-巴登,3446
potsdam,波茨坦,3447
koblenz,科布伦茨,3448
wuerzburg,维尔茨堡,3449
palatinate,莱茵兰-普法尔茨,3450
aachen,亚琛,3451
wolfsburg,沃尔夫斯堡,3452
goettingen,哥廷根,3453
konstanz,康斯坦茨,3455
essen,埃森,3456
bamberg,班贝格,3457
mannheim,曼海姆,3458
dortmund,多特蒙德,3459
augsburg,奥格斯堡,3460
trier,特里尔,3462
lubeck,吕贝克,3463
ulm,乌尔姆,3464
weimar,魏玛,3465
regensburg,雷根斯堡,3466
lindau,林道,3467
karlsruhe,卡尔斯鲁厄,3468
duisburg,杜伊斯堡,3469
rudesheim,吕德斯海姆,3470
wiesbaden,威斯巴登,3471
ingolstadt,因戈尔施塔特,3472
italy,意大利,3474
pompeii,庞贝,3475
verona,维罗纳,3476
tuscany,托斯卡纳,3477
lombardy,伦巴第大区,3478
cinqueterre,五渔村,3479
siena,锡耶纳,3480
bologna,博洛尼亚,3481
genoa,热那亚,3482
como,科莫,3483
sicily,西西里岛,3484
sorrento,索伦托,3485
lucca,卢卡,3486
amalfi,阿马尔菲,3487
capri,卡普里岛,3488
laspezia,拉斯佩齐亚,3489
sangimignano,圣吉米亚诺,3490
palermo,帕勒莫,3491
rimini,里米尼,3492
positano,波西塔诺,3493
taormina,陶尔米纳,3494
catania,卡塔尼亚,3495
perugia,佩鲁贾,3496
puglia,普利亚大区,3497
umbria,翁布里亚大区,3498
assisi,阿西西,3499
bergamo,贝加莫,3500
yongji,永济市,3501
hejin,河津市,3502
datongqu,大通区,3503
lushan,庐山区,3504
yiling,夷陵区,3505
shunde,顺德区,3508
bazhouqu,巴州区,3510
zhouzhuang,周庄,3511
xitang,西塘,3512
wuzhen,乌镇,3513
sanqingshan,三清山,3514
wudangshan,武当山,3515
sanxia,三峡,3516
rongchengxian,容城县,3517
yclinyixian,临猗县,3518
wanrongxian,万荣县,3519
wenxixian,闻喜县,3520
jishanxian,稷山县,3521
xinjiangxian,新绛县,3522
jiangxian,绛县,3523
hengquxian,垣曲县,3524
xiaxian,夏县,3525
pingluxian,平陆县,3526
ruichengxian,芮城县,3527
tuzuoqi,土默特左旗,3528
tuyouqi,土默特右旗,3529
daerhanqi,达尔罕茂明安联合旗,3530
aluqinqi,阿鲁科尔沁旗,3531
bazuoqi,巴林左旗,3532
bayouqi,巴林右旗,3533
ketengqi,克什克腾旗,3534
wenteqi,翁牛特旗,3535
keqinqi,喀喇沁旗,3536
aohanqi,敖汉旗,3537
kezuozhongqi,科尔沁左翼中旗,3538
kezuohouqi,科尔沁左翼后旗,3539
kulunqi,库伦旗,3540
naimanqi,奈曼旗,3541
zhaluteqi,扎鲁特旗,3542
dalateqi,达拉特旗,3543
zhungeerqi,准格尔旗,3544
eqianqi,鄂托克前旗,3545
eqi,鄂托克旗,3546
hangjinqi,杭锦旗,3547
wushenqi,乌审旗,3548
yijinqi,伊金霍洛旗,3549
arongqi,阿荣旗,3550
molidawaqi,莫力达瓦达斡尔族自治旗,3551
elunchunqi,鄂伦春自治旗,3552
ewenkeqi,鄂温克族自治旗,3553
chenhuqi,陈巴尔虎旗,3554
chenhuzuoqi,新巴尔虎左旗,3555
chenhuyouqi,新巴尔虎右旗,3556
wuqianqi,乌拉特前旗,3557
wuzhongqi,乌拉特中旗,3558
wuhouqi,乌拉特后旗,3559
hangjinhouqi,杭锦后旗,3560
chayouqianqi,察哈尔右翼前旗,3561
chayouzhongqi,察哈尔右翼中旗,3562
chayouhouqi,察哈尔右翼后旗,3563
siziwangqi,四子王旗,3564
keyouqianqi,科尔沁右翼前旗,3565
keyouzhongqi,科尔沁右翼中旗,3566
zhalaiteqi,扎赉特旗,3567
abagaqi,阿巴嘎旗,3568
suzuoqi,苏尼特左旗,3569
suyouqi,苏尼特右旗,3570
dongwuqinqi,东乌珠穆沁旗,3571
xiwuqinqi,西乌珠穆沁旗,3572
taipusiqi,太仆寺旗,3573
xianghuangqi,镶黄旗,3574
zhengbaiqi,正镶白旗,3575
zhenglanqi,正蓝旗,3576
azuoqi,阿拉善左旗,3577
ayouqi,阿拉善右旗,3578
ejinaqi,额济纳旗,3579
chongmingxian,崇明县,3580
jinmenxian,金门县,3584
gongqingcheng,共青城市,3585
szsuixian,随县,3587
shuichengxian,水城县,3589
dalishi,大理市,3590
shuanghuxian,双湖县,3591
zhongningxian,中宁县,3592
haiyuanxian,海原县,3593
alashankoushi,阿拉山口市,3594
nandaihe,南戴河,3595
changbaishan,长白山,3596
yabuli,亚布力,3597
tianmuhu,天目湖,3598
luzhi,甪直,3599
tongli,同里,3600
fuchunjiang,富春江,3601
qiandaohu,千岛湖,3602
tianmushan,天目山,3603
yandangshan,雁荡山,3604
moganshan,莫干山,3605
hengdian,横店,3606
zhujiajian,朱家尖,3607
putuoshan,普陀山,3608
tianzhushan,天柱山,3609
hongcun,宏村,3610
xidi,西递,3611
jiuhuashan,九华山,3612
gulangyu,鼓浪屿,3613
xiandu,仙都,3614
longhushan,龙虎山,3615
mingyueshan,明月山,3616
weizhoudao,涠洲岛,3617
boao,博鳌,3618
huashuiwan,花水湾,3619
xilingxueshan,西岭雪山,3620
qingchengshan,青城山,3621
tiantaishan,天台山,3622
luguhu,泸沽湖,3623
huangguoshu,黄果树,3624
xijiangqianhu,西江千户苗寨,3625
baiyunshan,白云山,3626
xizhou,喜洲,3627
shuanglang,双廊,3628
huashan,华山,3629
qinghaihu,青海湖,3630
solomonislands,所罗门群岛,4001
latvia,拉脱维亚,4003
riga,里加,4004
norway,挪威,4005
bergen,卑尔根,4006
sognefjord,松恩峡湾,4007
stavanger,斯塔万格,4009
tromso,特罗姆瑟,4010
czech,捷克,4012
ceskykrumlov,捷克克鲁姆洛夫,4013
kutnahora,库特纳霍拉,4014
moldova,摩尔多瓦,4015
morocco,摩洛哥,4016
fes,菲斯,4017
swaziland,斯威士兰,4018
slovakia,斯洛伐克,4019
bratislava,布拉迪斯拉发,4020
slovenia,斯洛文尼亚,4021
ljubljana,卢布尔雅那,4022
newcaledonia,新喀里多尼亚,4023
rotorua,罗托鲁瓦,4024
newzealandsouth,新西兰南岛,4025
dunedin,但尼丁,4026
kaikoura,凯库拉,4028
greymouth,格雷茅斯,4029
oamaru,奥马鲁,4030
taupo,陶波湖,4031
hamilton,汉密尔顿,4032
hokitika,霍基蒂卡,4034
timaru,蒂马鲁,4035
nelson,尼尔森,4036
invercargill,因弗卡吉尔,4037
akaroa,阿卡罗阿,4038
chile,智利,4039
grenada,格林纳达,4040
georgia,格鲁吉亚,4042
belgium,比利时,4043
ghent,根特,4044
leuven,鲁汶,4045
liege,列日,4046
mauritania,毛里塔尼亚,4047
tonga,汤加,4048
saudiarabia,沙特阿拉伯,4049
rouen,鲁昂,4050
blois,布洛瓦,4051
caen,卡昂,4053
nantes,南特,4054
cotedazur,蔚蓝海岸,4055
normandy,诺曼底,4056
alsace,阿尔萨斯,4057
strasbourg,斯特拉斯堡,4058
arles,阿尔勒,4059
brittany,布列塔尼,4061
bordeaux,波尔多,4062
annecy,阿讷西,4064
burgundy,勃艮第,4065
aix,艾克斯,4066
nimes,尼姆,4069
toulouse,图卢兹,4070
lille,里尔,4071
tours,图尔,4072
grasse,格拉斯,4074
montpellier,蒙彼利埃,4075
reims,兰斯,4077
colmar,科尔马,4078
chamonix,霞慕尼,4079
saint-malo,圣马洛,4080
evian,依云,4081
grenoble,格勒诺布尔,4082
carcassonne,卡尔卡松,4083
rennes,雷恩,4084
menton,芒通,4085
frenchguiana,法属圭亚那,4086
frenchpolynesia,法属波利尼西亚,4087
faroeislands,法罗群岛,4088
poland,波兰,4089
warsaw,华沙,4090
krakow,克拉科夫,4091
puertorico,波多黎各,4092
sanjuan,圣胡安,4093
bohei,波斯尼亚和墨塞哥维那,4094
suratthani,素叻他尼,4095
similanislands,斯米兰群岛,4096
hatyai,合艾,4097
chumphon,春蓬,4099
kophangan,帕岸岛,4100
kolanta,兰达岛,4101
zimbabwe,津巴布韦,4102
honduras,洪都拉斯,4103
haiti,海地,4104
tasmania,塔斯马尼亚岛,4105
adelaide,阿德莱德,4107
hobart,霍巴特,4108
apollobay,阿波罗小镇,4109
geelong,吉朗,4110
wollongong,卧龙岗,4111
northern,北领地,4112
sunshinecoast,阳光海岸,4113
launceston,朗塞斯顿,4114
kuranda,库兰达,4115
kangarooisland,袋鼠岛,4118
byronbay,拜伦湾,4119
perth,珀斯,4121
ireland,爱尔兰,4122
galway,高威,4123
estonia,爱沙尼亚,4124
tallinn,塔林,4125
tksandcci,特克斯和凯科斯群岛,4126
trdandtob,特立尼达和多巴哥,4127
bolivia,玻利维亚,4128
skane,斯科纳,4130
kiruna,基律纳,4131
helsingborg,赫尔辛堡,4132
abisko,阿比斯库,4133
uppsala,乌普萨拉,4134
sweden,瑞典,4135
switzerland,瑞士,4136
lugano,卢加诺,4137
zermatt,采尔马特,4138
berneseoberland,伯尔尼高地,4139
montreux,蒙特勒,4140
valais,瓦莱州,4141
basel,巴塞尔,4142
spiez,施皮茨,4143
lauterbrunnen,劳特布龙嫩,4144
thun,图恩,4146
vevey,沃韦,4147
grindelwald,格林德瓦,4148
wengen,文根,4149
schaffhausen,沙夫豪森,4150
brienz,布里恩茨,4151
engelberg,英格堡,4152
stgallen,圣加仑,4154
stmoritz,圣莫里茨,4156
guadeloupe,瓜德罗普,4157
vanuatu,瓦努阿图,4159
reunion,留尼旺,4160
belarus,白俄罗斯,4161
minsk,明斯克,4162
bermuda,百慕大,4163
kuwait,科威特,4165
comoros,科摩罗,4166
peru,秘鲁,4168
tunisia,突尼斯,4169
lithuania,立陶宛,4170
vilnius,维尔纽斯,4171
amman,安曼,4173
petra,佩特拉,4174
deadsea,死海,4175
aqaba,亚喀巴,4176
jerash,杰拉什,4177
namibia,纳米比亚,4178
niue,纽埃,4179
romania,罗马尼亚,4180
bucharest,布加勒斯特,4181
sandiego,圣迭戈,4182
detroit,底特律,4183
kansascity,堪萨斯城,4184
stlouis,圣路易斯,4185
pittsburgh,匹兹堡,4186
sanantonio,圣安东尼奥,4187
houston,休斯顿,4188
denver,丹佛,4189
atlanta,亚特兰大,4190
saltlakecity,盐湖城,4191
sanjose,圣何塞,4192
baltimore,巴尔的摩,4193
portland,波特兰,4194
atlanticcity,大西洋城,4195
littlerock,小石城,4199
sacramento,萨克拉门托,4200
hartford,哈特福德,4201
dover,多佛,4202
tallahassee,塔拉哈西,4203
boise,博伊西,4205
springfield,斯普林菲尔德,4206
indianapolis,印第安纳波利斯,4207
desmoines,得梅因,4208
batonrouge,巴吞鲁日,4210
augusta,奥古斯塔,4211
annapolis,安纳波利斯,4212
jackson,杰克逊,4214
jeffersoncity,杰斐逊城,4215
lincoln,林肯,4217
concord,康科德,4219
trenton,特伦顿,4220
santafe,圣达菲,4221
albany,奥尔巴尼,4222
raleigh,纳罗利,4223
columbus,哥伦布,4225
oklahomacity,俄克拉何马城,4226
salem,塞勒姆,4227
austin,奥斯汀,4233
richmond,里士满,4234
charleston,查尔斯顿,4236
madison,麦迪逊,4237
cheyenne,夏延,4238
neworleans,新奥尔良,4239
newhaven,纽黑文,4240
santabarbara,圣巴巴拉,4242
buffalo,水牛城,4243
bigsur,大瑟尔,4248
carmel,卡梅尔,4249
berkeley,伯克利,4250
page,佩吉市,4252
floridakeys,佛罗里达群岛,4255
dallas,达拉斯,4257
phoenix,凤凰城,4258
longisland,长岛,4259
nappa,纳帕,4262
keywest,西礁岛,4264
halfmoonbay,半月湾,4265
laketahoe,太浩湖,4268
palmsprings,棕榈泉,4269
minneapolis,明尼阿波利斯,4271
cleveland,克利夫兰,4274
sansimeon,圣西蒙,4275
anchorage,安克雷奇,4278
tampa,坦帕,4284
cincinnati,辛辛那提,4285
charlotte,夏洛特,4286
usvirginislands,美属维尔京群岛,4287
americansamoa,美属萨摩亚,4288
nairobi,内罗毕,4289
masaimara,马赛马拉国家保护区,4290
nakuru,纳库鲁,4291
finland,芬兰,4294
rovaniemi,罗瓦涅米,4295
turku,图尔库,4296
sudan,苏丹,4297
surinam,苏里南,4298
unitedkingdom,英国,4299
belfast,贝尔法斯特,4300
birmingham,伯明翰,4301
scottish,苏格兰高地,4302
nottingham,诺丁汉,4303
windsor,温莎,4304
leeds,利兹,4305
brighton,布莱顿,4306
newcastle,纽卡斯尔,4307
glasgow,格拉斯哥,4308
lochness,尼斯湖,4309
cardiff,加迪夫,4311
bristol,布里斯托,4312
isleofskye,天空之岛,4313
sheffield,谢菲尔德,4314
wandb,温德米尔和波尼斯,4316
coventry,考文垂,4317
inverness,因弗内斯,4318
southampton,南安普敦,4319
standrews,圣安德鲁斯,4320
portsmouth,朴次茅斯,4321
isleofwight,怀特岛,4322
chester,切斯特,4323
sterling,斯特灵,4324
fortwilliam,威廉堡,4325
leicester,莱斯特,4326
swansea,斯旺西,4327
canterbury,坎特伯雷,4328
winchester,温彻斯特,4329
stratford,埃文河畔斯特拉福德,4330
aberdeen,阿伯丁,4331
bournemouth,伯恩茅斯,4332
plymouth,普利茅斯,4333
lancaster,兰卡斯特,4335
britishvirginis,英属维尔京群岛,4336
netherlands,荷兰,4337
giethoorn,羊角村,4338
utrecht,乌得勒支,4339
delft,代尔夫特,4340
leiden,莱顿,4341
maastricht,马斯特里赫特,4342
eindhoven,埃因霍温,4343
groningen,格罗宁根,4344
volendam,福伦丹,4345
mozambique,莫桑比克,4347
lesotho,莱索托,4348
elsalvador,萨尔瓦多,4349
samoa,萨摩亚,4350
portugal,葡萄牙,4351
sintra,辛特拉,4352
cascais,卡斯凯什,4353
montserrat,蒙特塞拉特,4354
westernsahara,西撒哈拉,4355
spain,西班牙,4356
castilelamancha,卡斯蒂利亚-拉曼恰,4359
castileleon,卡斯蒂利亚-莱昂,4360
toledo,托莱多,4361
segovia,塞哥维亚,4362
cordoba,科尔多瓦,4364
ronda,龙达,4365
malaga,马拉加,4366
basquecountry,巴斯克自治区,4367
salamanca,萨拉曼卡,4368
balearicislands,巴利阿里群岛,4369
zaragoza,萨拉戈萨,4370
aragon,阿拉贡自治区,4371
bilbao,毕尔巴鄂,4372
avila,阿维拉,4373
granada,格拉纳达,4374
benin,贝宁,4376
zambia,赞比亚,4377
equatorialguine,赤道几内亚,4378
azerbaijan,阿塞拜疆,4379
afghanistan,阿富汗,4380
algeria,阿尔及利亚,4381
albania,阿尔巴尼亚,4382
tirana,地拉那,4383
oman,阿曼,4384
argentina,阿根廷,4385
arabemirates,阿联酋,4386
sharjah,沙迦,4387
aruba,阿鲁巴,4388
macedonia,马其顿,4389
skopje,斯科普里,4390
madeiraislands,马德拉群岛,4391
malawi,马拉维,4392
martinique,马提尼克,4393
kotakinabalu,亚庇,4394
semporna,仙本那,4395
ipoh,怡保,4396
tawaudivision,斗湖,4398
johorbahru,新山,4400
terengganu,登嘉楼,4401
sarawak,沙捞越,4403
sandakan,山打根,4405
kuching,古晋,4407
marshallislands,马绍尔群岛,4408
malta,马耳他,4409
valletta,瓦莱塔,4410
mali,马里,4411
montgomery,蒙哥马利,4413
juneau,朱诺,4414
topeka,托皮卡,4415
lansing,兰辛,4416
carsoncity,卡森城,4417
harrisburg,哈里斯堡,4418
providence,普罗维登斯,4419
nashville,纳什维尔,4420
monterrey,蒙特雷,4421
solvang,索夫昂丹麦村,4422
santacruz,圣塔克鲁兹,4423
xindu,新都区,4424
wenjiang,温江区,4425
wanzhou,万州区,4426
fuling,涪陵区,4427
changshou,长寿区,4428
hechuan,合川区,4429
yongchuan,永川区,4430
nanchuan,南川区,4431
dplab,点评实验室,4432
boshan,博山,4433
hekou,河口,4434
huiyang,惠阳,4435
xinhui,新会,4436
mouping,牟平,4437
chaoyangshantou,潮阳,4438
chenghai,澄海,4439
shidao,石岛,4440
xuecheng,薛城,4441
doumen,斗门,4442
zichuan,淄川,4443
linzi,临淄,4444
zhoucun,周村,4445
