performer,name,introduction,director,url,type,id
白鹭/李参天,痞子导演,"某电影摄制剧组拍戏拍到一半，突然遭遇经费中断。原来是投资人刘总玩股票赔了钱，无法继续追加资金。在雷导的一再催促下，刘总只好拿出了一些无法追回的欠条交给雷导，并承诺要回来的欠款，全部用来投资电影。雷导的剧组团队在要账的过程中屡屡碰壁，随后他们突发奇想，决定招募一些长的像黑社会的演员，让他们冒充当地黑社会老大扎哥的手下，并骗他们这次拍戏是隐蔽摄像头无NG拍摄，有挑战难度。在副导演的诱导下，演员们在要账时表现的非常好。几家公司的欠款全部追回，交给了刘总。",李参天,http://www.iqiyi.com/v_19rr79wis0.html,动作/国语/吐槽,676191100
李立铭/张冰倩/李立铭,血猎者之吸血女王,"百年前，因为一个流传许久的传说，吸血鬼与狼人的孩子将会杀死吸血鬼先祖，拉德小镇便遭到了吸血鬼先祖的血洗，混血男孩梵卓在父母的拼死保护下顺利逃亡，吸血鬼先祖也遭到封印。百年后，温泉小镇发生长老失踪事件，作为血猎者的梵卓收到镇长邀请来到小镇调查长老案件，在路上救下了同是血猎者的女子西丽，梵卓惊讶发现西丽竟与自己母亲长的一般无二，两人结伴开始调查案件，一幕幕线索显示一切都是吸血鬼的阴谋，镇长死亡，西丽与梵卓被捕，吸血鬼们为了解救吸血鬼先祖而滥杀无辜，杜雅为救梵卓而死，昔日的恋人西丽也与梵卓成为敌对，最终梵卓与西丽大战一场，忍痛杀死了西丽并将西丽埋葬后离开，却不知他的他的身后一双眼睛正在盯着他....",李立铭,http://www.iqiyi.com/v_19rr7fuszg.html,动作/魔幻/国语,681848400
何中华/吴建国/李璐兵/姜萌轩/赵聪,龙棺古墓,"一直沿用传统盗墓技术的老牛、老马跟小张来到五墓村附近寻找传说中的玉房古墓，希望盗取里面骸骨嵌有999颗珍奇宝石的阿房女尸身。不想，采用超高后现代科技手段盗墓的舒美跟米三也同时来到了五墓村准备对阿房女尸体下手。两拨人斗智斗勇，暗下绊子，想把对方踢出局，却不想在过程中，灵异事件不断发生，导致两拨人受惊不止。后两拨人患难之中达成“战略联盟”，企图组成一支“传统与科技”相结合的队伍去攻克玉房古墓，盗取阿房女尸身。怎料，两拨人却在墓中遇“鬼”·······",赵聪,http://www.iqiyi.com/v_19rr79w3lw.html,动作/国语/寻宝,676137000
刘冠麟/李非,走火枪,"张一毛是一个平凡的小商贩，与好友张远同住，每日被张远的女朋友大咪嫌弃，有一个青梅竹马的前女友肖云，身为缉毒警察的肖云一次在执行卧底任务时被张一毛撞见，误认为肖云出轨，将肖云接洽的毒贩坤塔手中的毒品箱子偷走，打乱了所有人的计划。另一方面，毒品下家洪爷不满金爷独占鳌头，雇来杀手暗杀他却并未给杀手提供武器，因而杀手大穿山甲买了一把走火枪，引发一系列啼笑皆非的故事..",李非,http://www.iqiyi.com/v_19rr7c0ghk.html,喜剧/犯罪/国语,671329300
,爱奇艺爱电影,《爱奇艺爱电影》 是一个以打造新片映前全网首发阵地为主旨的爱奇艺电影自制节目。《爱奇艺爱电影》将围绕即将上映的最热门影片，为电影片方...,,http://www.iqiyi.com/a_19rrhc0l5p.html,/华语/爱情/战争/喜剧/科幻/恐怖/动作/惊悚/魔幻/悬疑/犯罪/奇幻/国语/2017-06-11期/,695886100
,捕疯捉影,《捕疯捉影》采用经典的侦探形象结合二次元元素——疯姐，以神秘惊奇档案的独特视角审视身边各种惊奇片（网络大电影），诙谐幽默，分析独特，...,,http://www.iqiyi.com/a_19rrh8opl9.html,/喜剧/国语/2017-06-08期,694860800
克里斯汀·斯图尔特/拉斯·艾丁格/诺拉·冯·瓦兹塔滕/Anders Danielsen Lie/奥利维耶·阿萨亚斯,私人采购员,"莫林，一位在巴黎的年轻美国女孩，她的工作是替一位有名的女士照看衣橱。她讨厌这份工作，却找不到更好的来负担她在巴黎的开销。她等待着，等待着关于她最近消失的双胞胎兄弟——刘易斯的消息。而她的手机突然开始收到一些陌生的匿名消息。",奥利维耶·阿萨亚斯,http://www.iqiyi.com/v_19rr701rgo.html,恐怖/惊悚/悬疑,691096100
,菊长带你见世面,符合年轻直播用户偏好的“陪伴式观影”的真人拉片栏目。选片主打话题热度，以三线小镇青年式方言重新解构演绎影片，精简、有趣、接地气，提倡...,,http://www.iqiyi.com/a_19rrh9r81p.html,/菊长/毒舌电影/华语/爱情/战争/喜剧/科幻/恐怖/动画/悲剧/惊悚/魔幻/悬疑/犯罪/奇幻/家庭/国语/2017-06-07期/,694366200
奥克斯·弗格雷/布莱丝·达拉斯·霍华德/卡尔·厄本/韦斯·本特利/奥娜·劳伦斯/大卫·洛维,彼得的龙,"老木雕工米查姆先生总是给当地的孩子们讲深居在太平洋西北丛林中的猛龙的故事。他的女儿格蕾丝是一位森林防护员，她一直认为这些故事都是无稽之谈，直到她遇见彼得。　　彼得是一个谜一般的十岁男孩，没有父母、没有家，声称自己和一只巨大的绿色的龙艾略特一起住在树林里。从他的描述中，格蕾丝发现这只叫做艾略特的龙和父亲的故事十分吻合。在伐木场主杰克的女儿娜塔莉的帮助下，格蕾丝决定出发去探寻彼得从哪里来，属于哪里以及和他有关的那只龙的真相。",大卫·洛维,http://www.iqiyi.com/v_19rr71oad0.html,美国/奇幻/英语,689483800
,海道电影,好的电影，抱过来，捧！垃圾电影，刨个坑，埋！我不是职业影评人，我只是个垃圾电影分拣员！,,http://www.iqiyi.com/a_19rrh9hoh1.html,/华语/爱情/喜剧/科幻/动作/动画/奇幻/国语/2017-06-08期,694943700
郭德纲/郭麒麟/于谦/冯小刚/郑钧/孙越/刘芸,摇滚藏獒,"藏獒波弟（郭麒麟配音）在山村长大，本该子承父业担当村庄卫士，却爱上了现代摇滚乐。为了追求音乐梦想，他进入城市，寻找乐队未果、拜师学艺受挫、屡遭狼群算计，但他坚持不懈，不仅拯救村民，还弥补了亲情上的裂痕，最终梦想成真。",Ash Brannon,http://www.iqiyi.com/v_19rr6ypyy4.html,华语/美国/动画,695156800
,新片攻略,新片攻略，周周推荐，新鲜又有趣的电影消费指南。,,http://www.iqiyi.com/a_19rrhb086x.html,/华语/爱情/喜剧/动作/悲剧/青春/奇幻/国语/2017-06-09期,695530800
贡一/王德枫/安娜/成卫平,主播军团 I ：主播公会,"本片主要讲述夏小天与吴一风两人从偶遇-相识-相知-相爱的爱情故事。与明星的恋爱注定是隐蔽不能光明正大的，夏小天明白这点，为了与吴一风在一起，她努力隐藏自己，女生恋爱的那点甜蜜她不能与自己的粉丝分享，只能自己一个人享受着这种幸福。为爱放弃，为爱执着。吴一风原以为这个小女生只是自己的一夜惊喜，没想到却成为自己的牵绊，最后为了与夏小天在一起，放弃自己大明星的美好前途。",成卫平,http://www.iqiyi.com/v_19rr7bp12g.html,爱情/国语/纯爱,672911300
,电影头条脱口秀,脱掉虚伪假面，口爆垃圾电影，电影我们是认真的！,,http://www.iqiyi.com/a_19rrh9q185.html,/华语/喜剧/国语/2017-06-05期,692485100
歌什菲·法拉哈尼/路易斯·加瑞尔/樊尚·马凯涅/路易斯·加瑞尔,两个朋友,"文森特对莫娜可谓是一见钟情，刚认识她一周就不可救药的坠入爱河。文森特是一个小演员，接拍些电影里的小角色。莫娜靠在巴黎火车站卖三明治为生，但她有一个秘密，每天晚上都要去趟监狱。文森特对此深感不解，于是只好去向莫娜的好朋友阿贝尔求助",路易斯·加瑞尔,http://www.iqiyi.com/v_19rr703yf4.html,欧洲/爱情/法语,691067500
彼得·西蒙尼舍克/桑德拉·惠勒/Michael Wittenborn/托马斯·洛伊布尔/玛伦·阿德,托尼·厄德曼,"Inès在一家位于布加勒斯特的德国大型企业工作。她的生活一直井然有序，直到她的父亲Winfried突然造访，并向她提出了这个问题：“你幸福吗？”面对这个根本无法回答的问题，她的生活开始出现一系列翻天覆地的变化。她并不喜欢自己的父亲，甚至有点以他为耻，但他却通过捏造一个名叫ToniErdmann的诙谐人物，试图为她的生活找到一个方向。",玛伦·阿德,http://www.iqiyi.com/v_19rr70uz0c.html,喜剧/英语/家庭,690331600
段国云/向语/李佳艺/邱艺茜/电影厨子,炒作大师,"三名落魄导演刘传、方向、吴知明为了追求电影梦采取恶意炒作的方式让自己一炮而红。先后采用裸奔，和明星炒绯闻到夜总会吸假毒，然后将消息透露给朝阳大妈，借警方抓捕之机等方式炒作自己。一番痛苦的挣扎之后，三个人决定做最后一搏，不能一炮而红就一炮而死。三个人站在大厦天台上向媒体宣布，如果在八个小时之内得不到一千万网友的支持，他们就手拉手从天台上跳下去。各大媒体争相报道此事。各家影视公司看到了三人的商业价值，纷纷打来电话约三人拍片。三个人一炮而红。三个人准备去与几家大公司老板见面，却被告知会见取消了。电视里播出了记者偷拍几人在酒店庆祝时的谈话视频。最终艾美因将三名骗子导演恶意炒作经过公之于众而一炮而红。",电影厨子,http://www.iqiyi.com/v_19rraq3v8o.html,爱情/喜剧/国语,618304900
,小僵放送协会,你送片儿，我审片儿，地府放送一道坎儿，我是地府审片官儿。大家好，我是小僵，一个事逼，龟毛，神叨叨的小僵尸!,,http://www.iqiyi.com/a_19rrh9p8n9.html,/华语/国语/2017-06-05期,692678800
王宁/葛天/来喜/黄一飞/连晋/袁杰,咸鱼传奇,"咸鱼式的小人物罗恒，跨越千年，历经15种身份，遭遇痛苦、诋毁、惊悚、欺骗、背叛以及温暖和爱，七样不同类型的人生滋味。",袁杰,http://www.iqiyi.com/v_19rr6yfeqw.html,华语/爱情/喜剧,694666500
,电影幕后故事,解析影片制作，深扒影人秘闻，揭露行业真相，贵圈那点事，尽在幕后君。,,http://www.iqiyi.com/a_19rrh8dq1x.html,/华语/爱情/喜剧/科幻/恐怖/动作/悲剧/惊悚/魔幻/枪战/悬疑/犯罪/奇幻/国语/2017-06-05期,692816100
詹姆斯·弗兰科/布莱恩·科兰斯顿/佐伊·达奇/Griffin Gluck/梅根·莫拉莉/John Hamburg,为什么是他？,"一部关于父亲杠上女儿有钱男友的喜剧电影。",John Hamburg,http://www.iqiyi.com/v_19rr7fhv1k.html,美国/爱情/喜剧,683504900
韩帅/林泽铭,逗B三宝,"三个苦逼兄弟：齐冠雄、王也、史撮撮大学毕业后各自打拼事业，无奈各自都不如意，一个被炒鱿鱼、一个情场失意、一个公司被恶意收购。多年后重聚一起，同病相怜的三兄弟准备干一票打的，开始筹划以开空头影视传媒公司以幌子来忽悠社会大哥武晶钢。三人以为他们已经成功忽悠住了武晶钢，可是张翠翠认出了王也是他前男友的事实，把事情告诉了武晶钢。于是一场啼笑皆非、斗智斗勇的故事由此展开。。。",林泽铭,http://www.iqiyi.com/v_19rrbc2uis.html,喜剧/国语/网络大电影,648964200
,耐撕大片精华,耐sir几百亿的精华全在这儿了,,http://www.iqiyi.com/a_19rrh9glad.html,/华语/动作/惊悚/枪战/犯罪/国语/2017-06-06期,692752400
,耐撕大片,耐撕大片，撕出好片，撕掉烂片，nice又耐撕，片片不留情，每周二，跟着耐sir一起，动手开撕！,,http://www.iqiyi.com/a_19rrh9bi79.html,/华语/战争/喜剧/恐怖/动作/惊悚/犯罪/国语/2017-06-06期/,692738100
张博翔/杨欣/李松珂/王虎城/王焮,唤爱,"影片根据真实故事改编，主要讲述东某镇民房里住着一户生活窘迫的人家，母亲因病去世后，父亲又在一次矿难中遭遇终身瘫痪，于是家庭的重担全部都落到了5岁孩子孙家宝的身上，而孙家宝用快乐健康的精神熔化艰辛苦难生活的故事。",王焮,http://www.iqiyi.com/v_19rr70va6k.html,国语/家庭/院线,690247200
李海铭/海子/王 可,金钱追杀令,"这是一场神秘、竞争激烈的游戏，然而任务逐步升级，不断地挑战人类各方面的极限，从爱情、友情甚至於道德价值观。在这个过程中，陆子野为了赢得奖金，不惜牺牲朋友、昔日的爱人、至亲的家人……",王 可,http://www.iqiyi.com/v_19rr7bxs6g.html,惊悚/国语/网络大电影,671188100
Maksim Chukharyov/康斯坦丁·哈宾斯基/费奥多尔·邦达尔丘克/Mikhail Galustyan/Maxim Fadeev,灵狼传奇,"小男孩萨瓦居住的村庄曾受到神秘白狼的保护，但由于攻击人类，白狼一族受到了魔法师的诅咒，村庄也被一群无情的土狼鬣狗侵占，设法逃脱的萨瓦开始了拯救村庄的旅程……",Maxim Fadeev,http://www.iqiyi.com/v_19rr71o880.html,动画/奇幻/英语,689482700
王比特/都永昌,萌娃包青天之铡美案,"萌娃《包青天之铡美案》讲述的是北宋年间，开封府府尹包拯，不畏权威，铁面无私怒铡驸马陈世美的经典故事。陈世美为了迎娶公主，不惜隐瞒身世，抛弃妻子，岂不料妻子秦香莲带着一双儿女，将他告到了开封府，包拯铁面无私，不畏权贵，为秦香莲做主，讨还公道……",都永昌,http://www.iqiyi.com/v_19rr7disv0.html,喜剧/国语/网络大电影,686300400
周冬雨/金城武/孙艺洲/奚梦瑶/杨祐宁/张国柱/高晓松,喜欢你,"一场意外让平凡的厨师顾胜男（周冬雨饰）结识了霸道总裁路晋（金城武饰）。之后，路晋入住了顾胜男所在的酒店，在并不知晓对方真实身份的情况下，顾胜男用一道“女巫汤”征服了路晋挑剔的味蕾，一位厨师和一位食客，两人在美食的联结下产生了奇妙的缘分。路晋的失眠症日益严重，一次偶然中，他发现自己竟然在顾胜男家的沙发上酣然入睡，从此，这张沙发便成为了他的专属床位。随着时间的推移，在一餐一饭之中，顾胜男和路晋之间渐渐产生了懵懂的感情。然而路晋在父亲严苛而又独裁的教育下长大，顾胜男则向来大大咧咧毛手毛脚，个性和身份迥异的他们压抑着内心的感情，由此生出了诸多的误会。",许宏宇,http://www.iqiyi.com/v_19rr7h32t0.html,爱情/喜剧/国语,679848600
杨旻咏/王雪彧,校花隔壁的流川枫,"刘大川和仓姗姗是大学同学，长相甜美的师姐姗姗被众男生奉为心目中的小苍老师，一次宿舍分配中，三位男生被原宿舍赶出来，分到了女生宿舍的最后一间宿舍中。隔壁住着姗姗和小青，姗姗喜欢看《灌篮高手》，迷恋流川枫。有贼心没贼胆的问题学生刘大川，大部分时间沉静在自我的音乐创作中，搬进女生公寓后，对姗姗一见钟情，为了赢得芳心，他放下装酷的木吉他，开始把自己打造成流川枫，为了在一起，努力成为对方心中的样子。大川屡战屡败，屡败屡战，刘大川身边两位奇葩舍友更是帮尽了倒忙。整个过程交织着哥们之间的闹剧、爱情中的挫折、现实的考验……仓姗姗对刘大川情感随着现实变了味道，但校园生活总归是友情爱情的天堂，现实又是美梦里的",王雪彧,http://www.iqiyi.com/v_19rrbamhsk.html,爱情/喜剧/国语,650686200
田星杰/田星杰,咏春侠,"田星杰特别痴迷中国武术，立誓成为功夫大侠。学习不好的他，初中没读完就进入了社会。没文化没阅历的他，只有从最基层的饭店服务员工作做起。充满武侠梦幻想的阿杰一心二用，导致工作做不好，总是让老板同事训斥。在一次去跆拳道馆送外卖时，阿杰巧缘的遇见了漂亮的林薇薇。薇薇的跆拳道教练金三雄，企图在薇薇下班的路上，图谋不轨，阿杰刚好路过此地，冲过去要营救薇薇，最后阿杰被打的遍体鳞伤，出院以后，一向认为自己是功夫高手的阿杰，经过这次沉重的打击和侮辱后，变得自卑，林薇薇却通过这件事儿开始慢慢的喜欢上了阿杰这傻小子。。。。。。",田星杰,http://www.iqiyi.com/v_19rraztg1o.html,动作/国语/功夫,668317200
简佳琳/胡军,野山茶,"茶花和学锋是小山村里一对青梅竹马的恋人，虽然两情相悦，奈何却扭不过命运和贫穷，最终在父母和媒婆的安排下，茶花嫁给了大她12岁的孙正伦，在茶花出嫁那一天，学锋独自一人离开了山村。面对命运的安排，茶花如何改写？活出精彩人生。",胡军,http://www.iqiyi.com/v_19rr7c0iqo.html,国语/网络大电影,671330700
Jake D. Smith/Patrick Cranshaw/Katija Pevec/Mike Southon,飞狗巴迪5：排球健将（英语）,"小安家中饲养了一条叫巴迪的狗，巴迪的聪明友善使它成为小镇中所有人的朋友。在小安的弟弟小瓜的培养下，巴迪赢得了小镇举办的障碍赛冠军，这更让巴迪成为了小镇的明星。但巴迪敏捷的身手也引起了两个小偷的注意，他们打算利用巴迪偷盗博物馆里珍藏的钻石。　　暑假到来了，小安的好朋友搬到了加州，为了能到加州看望好友，小安决定利用暑假打工挣路费。小安为出门的人看护宠物，却因奶奶的鹦鹉淘气使得宠物们纷纷跑出了院子。眼看挣到手的路费，都给宠物们在外面闯的祸支付了赔偿金。小安失望至极。",Mike Southon,http://www.iqiyi.com/v_19rrayvb6c.html,美国/喜剧/英语,670950200
Maksim Chukharyov/康斯坦丁·哈宾斯基/费奥多尔·邦达尔丘克/Mikhail Galustyan/Maxim Fadeev,灵狼传奇（国语）,"小男孩萨瓦居住的村庄曾受到神秘白狼的保护，但由于攻击人类，白狼一族受到了魔法师的诅咒，村庄也被一群无情的土狼鬣狗侵占，设法逃脱的萨瓦开始了拯救村庄的旅程……",Maxim Fadeev,http://www.iqiyi.com/v_19rr71o7k8.html,动画/奇幻/国语,689483300
薇拉贝儿/谢容儿/姚雨鑫/曲馨雅/陆诗雷,怨灵宿舍之白纸女生,"讲述巴洛克画院的学生雨烟偶然梦见自己已经离世的同学苏苏，而后陷入灵异事件之中，神秘的纸人如梦靥一般缠住雨烟，苏苏借纸人还魂复仇的传说不胫而走，雨烟遭遇的种种异象表明，是死去的苏苏在还魂复仇。深夜隐没的无面鬼，暗夜游荡的白衣邪灵，预示着死亡的浓烈气息，一个尘封多年的秘密被揭晓，而雨烟却陷入了死亡之地。",陆诗雷,http://www.iqiyi.com/v_19rr7fuxmw.html,恐怖/惊悚/悬疑,681838500
屈浩明/李奇原/刘锡贤/李制锟,深圳梦,"会点拳脚功夫的李红星从大山深处出来初闯大深圳，由于人生地不熟，流落到睡山头靠捡垃圾为生的地步！直到有一天，由校车事故失去孩子的马文娟伤心欲绝，经过山头的时候，被混混劫财又劫色，这时李红星挺身而出！马文娟与刘玫被救后，谢小南等人也被赶来的警察抓住，等待他们的将是牢狱之灾，经过此时，马文娟确信自己内心所爱便是李红星。一年后，刘玫却选择离开深圳，到另外一个城市重新生活！李红星经过自己的努力和马建新帮助下开了一间养生会所，并终于圆了自己梦想，为村里的孩子捐献校车！而李红星与马文娟爱情也终开花结果！李红星经过艰苦奋斗，努力打拚，终于在事业上取得成功，并为村里捐了校车，实现了他的公益梦、校车梦、深圳梦！！",李制锟,http://www.iqiyi.com/v_19rr7brhv8.html,爱情/动作/国语,672992600
魏若熙/陈捷泉/徐炎爻,我的罗曼蒂克,"主要讲述女主角吃货少女罗蔓和校园男神白子凯之间的浪漫爱情故事，通过女追男的故事，来表明当下年轻人的男女平等的爱情观。通过罗蔓的视角也揭露了当下年轻女孩虽然对浪漫的爱情十分幻想以及向往，却任挣扎于女孩不应该太主动的思想，难以勇敢的去追求自己真爱，导致爱情和自己擦肩而过的现实。而罗蔓追求男神的故事正是鼓励当代女孩对爱情更加的主动，更加勇敢，因为只有这样努力过，坚持过，才不会让自己的人生留下遗憾。并且表明了这样一个恋爱观，在恋爱中的两个人其实是相互的，恋爱中的双方一定要相互信任，相互扶持，而不能相互猜疑，只有两人完全的对对方敞开心扉，才能让一段感情很好的接受时间的考验，并且能够长久的坚持下去。",徐炎爻,http://www.iqiyi.com/v_19rrb0yu0c.html,爱情/青春/国语,666054400
冯帅/蔡秀芬/赵露梅/鲁斌,大话射雕之正义化身,"本片以新时代为虚构的现代武侠背景，故事发生在大宋学府。郭大傻立志成为一名大侠，从小崇拜抗金名将岳蒙面。传说中岳飞是一名武林高手，靠着一套降龙十八掌的功夫，以一己之力对抗大金帝国三十年（漫画形式展现），大金帝国被大宋打败后，岳蒙面就失去了踪影。郭大傻与表妹华筝一同考上大宋学府物理班，在在新生注册的第一天，就被物理班的师姐黄蓉所捉弄。黄蓉十分精灵古怪，以逗弄郭大傻为乐。发生了一段爆笑励志的故事。",鲁斌,http://www.iqiyi.com/v_19rr78zo6k.html,喜剧/国语/网络大电影,676609600
崔大笨/盖小飞/刘涛/红豆/樊超,疯狂的豆子,"本部影片描述了纯朴的农村青年毛三斤进城投奔亲戚，打算在大都市成就一番事业，却不想被卷入一场家族斗争中，在见识了都市的人情冷暖，明争暗斗后，毛三斤对城里失望至极，最终回归属于自己的生活，并收获了爱情。",樊超,http://www.iqiyi.com/v_19rrazzqtw.html,喜剧/国语/网络大电影,668478200
凯文·席格斯/Dale Midkiff/Bill Bannerman,飞狗巴迪3：飞狗家族（英语）,"乔许的母亲和她的男友派屈克要结婚了，巴迪却突然出现在婚礼上大闹会场。不但将桌巾扯下，还将会场搞得人仰马翻。乔许责怪巴迪，但大家却未发觉这只黄金猎犬不是巴迪，而是另一只走失的黄金猎犬茉莉。其实巴迪和茉莉生了小狗，但是歹徒绑架了这些小狗。另一方面，乔许参加的足球队，因为队上成员之一是巴迪的缘故，所以被裁判取消资格，球队教练发誓要有所行动，最后还是如愿以偿打入州冠军决赛，但是他们有足够的时间找到这些被绑架的小狗，并打赢决赛吗？",Bill Bannerman,http://www.iqiyi.com/v_19rrb0mqn8.html,美国/喜剧/英语,667470600
松田龙平/真木阳子/户次重幸/寺岛忍/山下敦弘,我的叔叔,"松田龙平饰演的叔叔是一个性格古怪的兼职哲学讲师，整日无所事事躺在哥哥家里看漫画。喜欢强词夺理，也偶尔语出惊人。一旦对什么事着迷，就会展现出非人的能量与干劲。故事以侄子雪男视角展开，雪男本对这位叔叔毫无好感，但一次偶然让叔叔遇到了一见钟情的女神，女神要返回夏威夷接管祖母留下的咖啡庄园，叔侄二人于是向夏威夷出发，踏上了追寻女神之旅。",山下敦弘,http://www.iqiyi.com/v_19rr7gjd5k.html,爱情/喜剧/日本,681026100
吴志庆/刘周行,无名者传说I：异能觉醒,"从大学至步入社会王向前是一名屌丝更是一个生活的loser。某天他意外闯入了正在抢夺“原血”的狼人和吸血鬼的战局。阴差阳错下，王向前把“原血”吞入了腹中，从而有了一些无法控制的超能力，闹出不少笑话。王向前到邻居芳芳的宠物店打工，和芳芳产生了情愫，却不知芳芳的男朋友是贩毒团伙的一份子，把毒品藏进狗粮里运进了芳芳的店内。芳芳的男朋友吸毒过量而死，贩毒团伙为求线索绑架了芳芳。王向前在店里找到了毒品，闯进贩毒团伙的老巢与坏人大打出手，打斗中终于发现了切换超能力身份的诱因，最终打败贩毒团伙，将他们绳之以法。在芳芳的鼓励下，他明白能力越大责任越大的道理。从此城市里多了一个夜行在暗幕中，守卫正义的超级英雄——“无",刘周行,http://www.iqiyi.com/v_19rrba8dlw.html,动作/魔幻/国语,652139400
何索/景熙/梁峰,嘻哈江湖,"专业是学习小提琴的石头，却喜欢来自黑人的嘻哈音乐，被老师叫去警告，并劝告他远离说唱音乐。石头得知桃子已经决心分手，并已经和追求她很久的富二代卢瑟在一起了。便找到卢瑟，用啤酒瓶将其打伤。在拘留所，每天石头会在纸上写下歌词，对过往自己的偏执有所悔意。一个高标准的说唱比赛将在本城举办，还将签约国内某著名唱片公司。好友们鼓励他去参加。证明自己的梦想。",梁峰,http://www.iqiyi.com/v_19rr787dtk.html,青春/国语/网络大电影,677401300
黄轩/段奕宏/郎月婷/祖峰/邢佳栋/王耀庆/王砚辉,非凡任务,"林凯是李建国安插在贩毒集团的卧底，他逐步渗透到“双鹰”贩毒集团后，发现幕后头目“老鹰”与八年前李建国作为卧底调查的贩毒集团有关，还囚禁了当时李建国的上级，最终林凯与李建国巧妙配合捣毁了整个贩毒集团。",麦兆辉,http://www.iqiyi.com/v_19rraz02kw.html,动作/犯罪/国语,670994300
常芮/吴灿,天降机器女仆,"青年屌丝沈大宝，人生衰到极致，心灰意冷时却“巧遇”美女机器人伊娃，重新点燃生活的希望，一场诙谐浪漫的人机恋情由此展开；性感机器人夏娃的出现，也逐渐揭开背后隐藏的重重杀机.......",吴灿,http://www.iqiyi.com/v_19rr7cf0ss.html,爱情/科幻/国语,671895200
让·米歇尔·比雷尔/艾米莉·泰龙,再见，我的小学老师,"在加尔小村庄，圣瑞斯和瓦屈埃的一所小学里，学年结束时，老师burel先生即将退休，但是退休之前，burel先生试图给他的学生上好最后一段时间的课程，为了更好的帮助他们成长。。。",艾米莉·泰龙,http://www.iqiyi.com/v_19rr795ylc.html,法语/4K,676901900
黄子扬/顾小狼,千门之荣耀江湖,"杜天涯大学毕业，怀揣梦想前往大都市应聘工作，怎奈一下火车便遇到女骗子，陷入了一环套一环的骗局之中，被骗至身无分文，流落街头。奈何流落街头的杜天涯又被职业乞丐当成过界抢饭碗的同行，被乞丐打致昏迷。第二天清晨醒来后，映入眼中的竟然是穿着一身西装，开着豪车的假乞丐在喊着口号，这让杜天涯感到处处皆骗，随后又被乞丐赶走。在到了走投无路之时，杜天涯遇到了千门之王，王须之，并拜入门下。待杜天涯出徒那天，江湖是否会被其掀起纷争？",顾小狼,http://www.iqiyi.com/v_19rrbd34f0.html,动作/犯罪/国语,646546800
赵岩/鹿昊/辛新/李晓枫（演员）/胡悦/宋海明,花开那时,"某旅游杂志社资深编辑肖亦男正在经历着家庭感情受挫的危机，春暖花开时节，被主编派遣前往杜鹃花海阳明山采风，此时恰逢当地正在召开“海峡两岸阳明山‘和’文化节”。与此同时，台湾青年企业家辛曼宽也来到大陆阳明山寻找恋人雨虹，肖亦男不幸遇到了“黑导游”，被大学刚毕业的实习导游李诚实出手相助，肖亦男也被李诚实憨厚淳朴的工作状态所感动。辛曼宽与雨虹从小青梅竹马，却被封建家庭观念所干扰，父母坚决反对“门不当户不对”的这门婚事，雨虹一气之下来到大陆阳明山“山盟石”前许愿，并决定完成爷爷遗愿，留在大陆阳明山，将国家级非物质文化遗产湘绣工艺发扬光大。",宋海明,http://www.iqiyi.com/v_19rrb04pk4.html,欧洲/爱情/国语,668840200
徐浩然/熊艺岚/汪老大,误会啦,"李得意有个幸福的三口之家，因为一次意外，对整个家庭产生怀疑，起因是因为一次偶然事件，一名女孩佳佳无意坐上李得意的车子，在车内晕倒，去医院检查身体，医生怕是因为“碰瓷”而故意说李得意没有生育能力，而并没有给李得意作出说明，从而导致李得意一系列的人生怀疑，怀疑老婆出轨，怀疑孩子不是自己的，怀疑这一切始作俑者是隔壁的老王，黑色爆笑喜剧由此展开，最终医生和李得意说明了情况，李得意和老王敞开心扉，发现一切只是误会。李得意最终也和老婆和好，道出了“幸福靠自己”的心里话。本部影片通过黑色幽默诠释家庭之间的信任重要性，幸福的家庭不要怀疑，猜忌。",汪老大,http://www.iqiyi.com/v_19rrb9v7h0.html,喜剧/国语/家庭,651639800
艾玛·沃森/丹·史蒂文斯/卢克·伊万斯/乔什·盖德/艾玛·汤普森/比尔·康顿,美女与野兽（国语）,"贝儿和小镇上的其他女孩不同，是一个热爱阅读和幻想的姑娘，孔武有力英俊强壮的加斯顿发誓要娶贝儿为妻，但贝儿却一眼看穿了他的自私和虚伪，拒不从命。某日，贝儿的父亲莫里斯迷路误打误撞之下来到了一座荒凉破败的城堡中，那里居住着样貌可怖半人半兽的野兽。因为偷摘了城堡里种植的玫瑰，莫里斯被野兽囚禁了起来，得知此消息的贝儿赶到城堡，要求和父亲作交换。就这样，贝儿开始了和野兽的同居生活。在会说话的茶壶太太、烛台卢米亚和时钟葛士华的照顾和帮助下，贝儿渐渐发现，野兽在丑陋的外表下，隐藏了一颗善良温柔的心。实际上，野兽的真实身份是一位王子，因受到了女巫的诅咒而沦落至此，而贝儿，是解除诅咒最后的，也是唯一的希望。",比尔·康顿,http://www.iqiyi.com/v_19rr77v0z4.html,美国/爱情/奇幻,679022300
潘辰/是之/黄照盛,秘藏传说之长生姬,"被神秘黑帮绑架的美女鲁斯醒来，发现自己成为邪教仪式的祭品，后在父亲鲁教授的学生阿图和闺蜜乐芙的帮助下得以逃脱。原来这一切与父亲研究的玄域项目有关。传说开启玄域中的西王母秘藏，便可掌握长生术。与此同时邪教黑帮也在追寻不知所踪的鲁教授。为了找到父亲以及解开西王母秘藏之谜，鲁斯一行人向昆仑进发，几番波折，他们在一由怪异母女看守的废弃旧矿场里又一次与邪教集团狭路相逢。众人在经历神秘亡灵，嗜血异兽，致命暗杀等离奇事件后，鲁斯终于找到了关于玄域的重要线索。而种种迹象表明，秘藏的背后竟是一个泯灭人性的诅咒......",黄照盛,http://www.iqiyi.com/v_19rraxy490.html,动作/魔幻/国语,654673000
芮伟航/刘一静/洪智育,全能天团,"拥有超级智慧的三个帅哥和三个美女组建了一家点子公司，他们个性不同、喜好不同、职责分工与能力不同。主营业务帮人约会、替人分手、刑警侦案、驱魔降妖、爱情维修、私人订制、客户公关、代做作业、替人哭坟、以及解决家长里短的邻里矛盾......",洪智育,http://www.iqiyi.com/v_19rray3q70.html,喜剧/国语/网络大电影,654935600
陈霜/张沐生/刘远锋/安童,窥私之危险接触,"女主播梁佑男，在接活动途中遭黑衣人绑架，恰巧被她的忠实粉丝陆以峰所救，随后这位暖男大叔颇为照顾她。但她仍困在噩梦中，她怀疑过客户，也怀疑了图谋不轨的保安，但都无法与回忆中的黑衣人重合。陆以峰了为了帮助她解决被骚扰的麻烦，安装了监控摄像头。黑衣人再次对梁佑男造成伤害，通过监控，梁佑男怀疑上了自己的隔壁邻居姜明。偷偷潜入他家中后发现，她竟然长期被偷窥着。与此同时，姜明掌握了陆以峰的秘密，要他离开梁佑男。可之后姜明出了车祸，而梁佑男搬去了陆以峰家。一路以来倍受人心冷漠的对待的梁佑男，享受着大叔给她的温暖。偶然间，梁佑男解开了姜明加锁的硬盘密码，发现了陆以峰隐瞒的惊人秘密…",安童,http://www.iqiyi.com/v_19rravpze4.html,爱情/悬疑/国语,659206400
朱丽娅·斯蒂尔斯/亚历山大·路德韦格/安东尼·霍普金斯/雷·利奥塔/丹尼尔·阿尔弗雷森,反击,"瑞典卖座《龙纹身女孩》二三部曲导演丹尼尔艾佛瑞德森执导，安东尼霍普金斯监製主演。重返家乡的莉莉安遭到小镇前警长的跟踪与骚扰，并因前警长过大的势力而无人愿意帮她，她只好到森林中寻求老樵夫的协助。",丹尼尔·阿尔弗雷森,http://www.iqiyi.com/v_19rr7bgitk.html,美国/惊悚/悬疑,672529700
穆婷婷/沈保平/曾水/马洪磊/王春妹/田淼/赵文俊,致命旅行,"一家旅行社组织了一次抽奖旅行活动，几位身份不同的人被选中参与，殊不知这次旅行背后隐藏了许多危险，阴谋和秘密。几位成员一个接一个的死去。死去的成员之间又浮现了种种丝缕千连的联系。凶手究竟是谁，背后又有多少不为人知的原因……",张帆,http://www.iqiyi.com/v_19rrbd3r18.html,喜剧/悬疑/国语,646460400
刘亚津/任玉翔/刘静怡/万宾/刘伟/刘亚津/潘智欣,津门侠盗团3,"李友亮为救小黑，挖出了国宝，国宝被藤野抢走。李友亮带领小艳小黑小胖，立志找回国宝，找到刘大明，重组津门五虎。李友亮和小黑，冒充保安混了进去。查看国宝下落时，竟然巧合救了苍井，苍井对李友亮，产生了好印象。日企的仓库丢了东西，众人一筹莫展的时候，李友亮根据经验破了案，苍井对李友亮更加赏识喜爱，约李友亮来卧室详谈。住进医院刘大明，掐住氧气管子，逼问藤野，藤野坚决不说国宝下落。韩国黑帮头目朴先生，来到医院，误以为藤野已死，刘大明将计就计，决定和韩国人合作，一起对付苍井佳乃，趁机夺回国宝。小艳和小胖从新闻里，看见了刘大明受伤住院，来医院探望，几经周折，化妆成病人和护士才混了进来",刘亚津,http://www.iqiyi.com/v_19rrb51ulg.html,喜剧/国语/寻宝,643536200
保罗·麦卡特尼/Ringo Starr/约翰·列侬/乔治·哈里森/披头士/朗·霍华德,一周八天：披头士的巡演时代,"这部纪录片将背景设置在披头士乐队1962-1966年早期阶段，聚焦约翰·列侬、保罗·麦卡特尼、乔治·哈里逊和林哥·斯塔尔四人从组队到征服世界的过程。影片还将首度曝光大量乐队当年巡演的珍贵片段。而首款预告片中，可以看出披头士当年的现象级影响力，所到之处歌迷簇拥、万人空巷，四人从英国火遍全球，而两位如今仍健在的乐队成员保罗·麦卡特尼和林哥·斯塔尔也在片中出镜，回忆当年的青葱岁月。",朗·霍华德,http://www.iqiyi.com/v_19rr7aeg0o.html,美国/英语/高大上,674765300
李兴华/张伊楠/薛俨/郑友,情迷探长,"身手非凡的私家侦探杰，在一次仇家堵截中偶遇神秘美女菲儿，解决仇家的同时杰也和菲儿产生了情愫。一夜激情后，菲儿委托杰去调查一个涉黑背景富豪森，调查中杰渐渐发现了森和菲儿竟有千丝万缕的联系。杰陷入恋情无法自拔，而菲儿觉察到杰已经知道自己的秘密往事，苦涩之余逃离了杰。而这时，森居然布下重重埋伏，抓到了调查他的杰，菲儿求情无果，只能趁机持刀要挟森。杰被趁机救走，但菲儿却陷入了森的魔掌。杰出院后，一场大战一触即发......",郑友,http://www.iqiyi.com/v_19rrb50clk.html,喜剧/动作/国语,643336100
郭源元/雷迪/王京莉/王雨萌,绝色行动之克隆特攻,"瑞可、阿琪、思思三个女孩是隶属于国际安全组织J集团的超级特工，白昼下，为了隐藏身份，她们伪装成美艳可人的绝色佳丽，潜伏在你我身边过着普通生活；每当夜幕降临，她们变为身怀绝技的美女特工，去执行“干妈”查夫人指派的各种任务。本来一切都在原有的轨迹上有条不紊的运行着，但是三个女孩丝毫没有察觉，查夫人向她们撒了一个弥天大谎，一个不可告人的阴谋正在悄悄将她们吞噬……原来，她们并不是普通人，而是查夫人克隆出来的复仇工具。三个女孩一直对自己的身世毫不知情，任凭查夫人摆布。直到有一天，屌丝青年阿枫闯进了他们的生活。阿枫看似巧合地与她们产生了千丝万缕的联系，三个女孩一步一步走进阿枫设计的“局里”。不知不觉间",王雨萌,http://www.iqiyi.com/v_19rrb62ey8.html,动作/悬疑/国语,641047900
田振达/尊华/陈升卫/陈华恩,午夜逃杀,"本性善良的高子谦因家庭原因，无奈和袁辉等人从事偷盗行为。一次，他们打听到消息：一位老人的女儿出车祸意外身亡，老人得到一大笔赔偿金。当晚，袁辉、高子谦、赵志泽、罗彤芳、陈文昊五人潜入老人家中寻找这笔钱。当找到这笔钱时每个人都起了私心，他们贪婪、猜疑、算计、互相厮杀。就在此时，高子谦发现了一个秘密，屋主的女儿不是意外身亡，而是被自己的女婿王鹏谋杀，而王鹏此刻就在这栋房子内，高子谦决定带着这个秘密逃出去。凶残的王鹏杀掉了偷盗的所有人，只剩下高子谦还活着。原来，高子谦和王鹏从小就认识，他也曾反对这次的偷盗行动，因为自己的懦弱和无主见，没有坚持自己的原则，和他们一起来到这栋房子，因而导致了惨剧的发生",陈华恩,http://www.iqiyi.com/v_19rrbajows.html,动作/悬疑/国语,650554800
艾伦·艾克哈特/詹妮弗·安妮斯顿/丹·福勒/约翰·卡洛·林奇/马丁·辛/Brandon Camp,爱不胜防,"伯克·瑞恩因写了一本关于如何自救的畅销书而成为许多人推崇的疗伤大师。一夜间，读者为他疯狂，多家媒体竞相抛来橄榄枝。但在他内心深处，却一直还未能真正面对妻子的过世。在一次前往西雅图的售书行程中，他遇到了一个经营小花店的女读者艾萝依。他的成熟稳重让她心动，她的有趣可爱也同样让他倾心。与她一起，他总能体验到意料之外的人生，发自内心的久违笑容回到了他的脸上。他只会在西雅图停留三天，而艾萝依也并不确定他是否真正走出丧妻的阴影，做好开始一段新恋情的准备。可突如其来的爱情，是否真的能携子之手与君偕老？",Brandon Camp,http://www.iqiyi.com/v_19rr7aebk4.html,美国/爱情/英语,674762600
布丽特·罗伯森/丹尼斯·奎德/佩吉·利普顿/乔什·加德/K·J·阿帕/莱塞·霍尔斯道姆,一条狗的使命,"影片以汪星人的视角展现狗狗和人类的微妙情感，一只狗狗陪伴小主人长大成人，甚至为他追到了女朋友，后来它年迈死去又转世投胎变成其他性别和类型的汪，第二次轮回狗狗变成了警犬威风凛凛，再次转轮回，又成了陪伴一位单身女青年的小柯基犬。在经历了多次轮回之后，最终回到最初的主人身边。",莱塞·霍尔斯道姆,http://www.iqiyi.com/v_19rrazv43w.html,美国/喜剧/英语,668428000
宫雪妍/史申豪,童颜赌徒,"高利贷公司组织了四个不同风格的美女参加一次全网直播的脱衣麻将比赛，四个女孩分别是性感火辣OL女郎、清纯可爱学生妹、温柔聪慧幼儿老师、狂野迷人艺术女孩，每个女孩都有不同的身份职业和角色魅力，比赛规定每一个输的女孩都要在直播现场脱掉一件衣服，直到其中三个女孩脱光身上的所有衣服比赛才算结束。参加这次脱衣麻将比赛的办公室白领李楠，是因为弟弟欠下了高利贷无法偿还，她替弟弟还债被迫而来的，因为她是四个比赛的女孩中身材最好，最漂亮的一个，因为魔鬼身材天使面孔，所以她在这次脱衣麻将比赛中一直备受网友关注，大家都期待着比赛当天看李楠脱掉衣服的性感身体火爆场面。",史申豪,http://www.iqiyi.com/v_19rrbc0sgk.html,喜剧/国语/网络大电影,648871800
张磊/苗金光,媚娘造畜,"陆三官在战斗中侥幸存活，结识了捡死人财的江湖术士萧醇厚。萧醇厚似有无意间道出媚娘客栈不能入住，老板娘行事诡秘。陆三官偏向虎山行，遇到风情妖娆的老板娘媚娘后，情迷于此。萧醇厚不时提醒，讲述了媚娘匪夷所思的奇闻异术，陆三官不以为然，直到一天枪伤发作，媚娘用异术换掉了他中枪受伤的胳膊后，陆三官大惊失色；更是见识了撒豆成兵、召唤阴兵的奇术；而更为神秘恐怖的，是前来逼命的土匪，被媚娘施展了变人为畜生的巫术……",苗金光,http://www.iqiyi.com/v_19rrb1y978.html,恐怖/惊悚/魔幻,665511800
丹琳/江屹尘/申洁,换青春,"高富帅与屌丝互换灵魂的奇幻故事，鲜肉青春的颠覆人生。本片讲述了三个出生不同阶层的大一新生通过一枚可以互换灵魂的超科技芯片互换人生的故事。高富帅林川患有抑郁症，为了获得校花女神师姐苏婉彤的爱，借助天才少年阮星宇研发的灵魂芯片与山里来的屌丝同学楚中天交换了灵魂。两个人在对方的身体里经历了颠覆的人生，最终各自回归了自我。林川有没有得到女神苏婉彤的爱情？你想不想也换一换灵魂？",申洁,http://www.iqiyi.com/v_19rrb1k7jw.html,爱情/科幻/青春,664856400
杨奇鸣/唐万里,指定被害者,"心理医生罗威与未婚妻姚雨薇因在火锅店外接到一个奇怪电话而逃过火锅店爆炸。免于死亡的他们却身陷随后的一系列奇异死亡事件中。随着罗威一步步的调查揭秘，他发现死亡的源头竟然是自己在一家书店买了一个奇怪的笔记本，当罗威再次陷入诡异爆炸事件中时，他突然醒来，发现自己被困在一间实验室里，更可怕的是他发现自己并不是罗威，所经历的一系列可怕事件，都是关于惩罚和自我救赎的死亡体验。",唐万里,http://www.iqiyi.com/v_19rralhddw.html,惊悚/悬疑/国语,608439400
王永/何旋/单国栋/秦东伟,西游之御弟哥哥,"唐三藏取经之路历经五十余难后，行至西梁女国，师徒四人本想一如既往取得通关文书继续西行，却遇到女儿国国王对唐僧一片痴心，不愿放行，欲与唐僧结为连理。危险的是，芳心暗许，一路默默跟随的早年蝎子精对三藏的救命之恩仍念念不忘，在得知三藏对女儿国国王动了凡念后，嫉妒心激起了骨子里的邪恶，蝎子精心表三藏被断然拒绝后怒火中烧血洗女儿国。一场轰轰烈烈的情感纠葛大战之后，唐僧受观音点化后，唐三藏幡然醒悟，放下心中执念，此时女国王也深知唐三藏确实为有道禅僧，自己只是枉费了一场神思，自己徒留伤感罢了，观音大士念蝎子精本意不坏，遂让她转世为人，结局也已合家欢的形式画上了句号，最后唐三藏师徒四人继续西行取经之路。",秦东伟,http://www.iqiyi.com/v_19rrb851b4.html,魔幻/国语/武侠,638287500
龙馨悦/陈森林/孙德强/胡子嵌,奇葩三人行,"不同领域的底层三个屌丝小人物。林思美有好赌成性的母亲，刘擎因为初恋在婚礼前背叛自己后再也不相信爱情的人。龚鑫边开着古玩店边兼职倒卖文物，从小没妈妈，被爸爸寄养在姑妈家看人脸色生活的人。他们在纷繁的社会里骗财骗色骗钱。因缘际会之下各怀私心又为了共同的目的而展开结盟。阴谋背后林的父亲失踪多年，直到他们发现这次的骗局与当年林思美父亲的案件息息相关时才让三人察觉，恶势力也做出了插翅难逃的陷阱等待着他们，三人在危难面前凭坚定的友情与爱情团结合作，将幕后真凶绳之以法。在人性的真善美、假恶丑面前，浪子回头金不换，只有团结起来扭成一股绳，与犯罪团伙斗志斗勇，最终三位屌丝重新走上光明大道，开始崭新生活",胡子嵌,http://www.iqiyi.com/v_19rrb9vi30.html,喜剧/国语/寻宝,651687200
孙夕尧/苏菲/史元庭/梁杰,我的灵界女友,"本片主要是以孙夕尧饰演的游戏公司电绘师骆思聪为主线，讲述了一件发生在她身上的离奇事件。心地善良、神经大条的她，在一次头部手术后意外看见了别人看不见的“人”——张颖，从起初的恐惧，到两人逐渐成为无话不谈的闺蜜，才发现张颖是一个对人世间留有执念的“善良鬼”。巧合的是骆思聪在偶然中发现张颖执念的男友竟是自己暗恋的对象韩正杰……这段“人鬼姐妹情”究竟会如何发展呢？",梁杰,http://www.iqiyi.com/v_19rraerlvs.html,爱情/悬疑/国语,637020900
李智雪/陈南飞/纪雨浩/子君,绝杀,"讲述了一段历史中的江湖恩仇，通过身世离奇的美丽女主角宋菲（李智雪饰）与两个同父异母的帅气男主角（陈南飞、林轩饰）之间的情感纠葛及生死搏杀，鞭挞私欲极度膨胀后的淫邪奸恶，弘扬大义大爱之下的阳光与美好，以全新的武侠视角，来印证邪不压正这一古训，并警示人们：和谐纷争，告别杀戮。",子君,http://www.iqiyi.com/v_19rrb0bbmc.html,动作/国语/武侠,666955000
王厦/詹牧/甄咏珊/晋松/卢勇/李火火/董奎佐,仙医神厨之上海任务,"食神传人杨一恒这次被老鬼指派到了1945年初的大上海，此刻，抗战正值黎明前的黑暗，杨一恒需要完成的任务险峻无比。这次他得到了许多正义之士的协助，也牺牲了很多。仙医神厨再次发挥超能力，智斗日本侵略者，势要破坏日本人在撤退投降前部署的狡诈阴谋！",何佳男,http://www.iqiyi.com/v_19rradh2ic.html,喜剧/动作/国语,622415000
Cuba Gooding Jr./泰伦斯·霍华德/崔斯坦·瓦尔德斯/安东尼·海明威,红色机尾,"影片讲述二战中，美国第一批黑人飞行员，克服当时制度和种族上的限制，组成了一支带有实验性质的特殊的轰炸机护卫队——塔斯克基飞行员。他们的飞机上都画着“红尾巴”，于是这也成为了他们的绰号。“红尾巴”这支美国军事史上第一支由非裔美国人组成的飞行员编队，因为参加战争培训被派往阿拉巴马州随时准备迎战。在那里，他们经历了猖獗的种族主义和骚扰，他们的飞行和战斗能力曾饱受质疑，但“红尾巴”在空中卓越的表现，促使空军废除了种族隔离制度。他们在与意大利、德国的冲突中也起到了不可或缺的作用。",安东尼·海明威,http://www.iqiyi.com/v_19rrho9c8s.html,美国/战争/动作,264664400
方·基默/琼妮·威利/沃维克·戴维斯/帕特·罗奇/托尼·考克斯/朗·霍华德,风云际会（国语）,"本片描述的是在黑暗的中世纪，女王巴夫莫达听说一个即将诞生的女婴会在将来推翻她的统治成为王位的合法继承人，于是下令将王国内所有的怀孕妇女全部处死。同一时间，一个叫达南的刚出生女婴被送到了木筏上顺流而下，矮小的内尔温族人威洛（沃维克•戴维斯WarwickDavis饰）将她救了起来。威洛想将达南送归戴基尼人，于是带着她上路了。巴夫莫达女王得知消息后派出索莎公主和凯尔将军前往抓捕威洛他们。达南最终命运如何，她是否就是那位将来会推翻巴夫莫达统治的人？",朗·霍华德,http://www.iqiyi.com/v_19rrbczb1s.html,美国/爱情/喜剧,646401500
布丽特·罗伯森/丹尼斯·奎德/佩吉·利普顿/乔什·加德/K·J·阿帕/莱塞·霍尔斯道姆,一条狗的使命（国语）,"影片以汪星人的视角展现狗狗和人类的微妙情感，一只狗狗陪伴小主人长大成人，甚至为他追到了女朋友，后来它年迈死去又转世投胎变成其他性别和类型的汪，第二次轮回狗狗变成了警犬威风凛凛，再次转轮回，又成了陪伴一位单身女青年的小柯基犬。在经历了多次轮回之后，最终回到最初的主人身边。",莱塞·霍尔斯道姆,http://www.iqiyi.com/v_19rrb008lw.html,美国/喜剧/国语,668516600
方·基默/琼妮·威利/沃维克·戴维斯/帕特·罗奇/托尼·考克斯/朗·霍华德,风云际会,"本片描述的是在黑暗的中世纪，女王巴夫莫达听说一个即将诞生的女婴会在将来推翻她的统治成为王位的合法继承人，于是下令将王国内所有的怀孕妇女全部处死。同一时间，一个叫达南的刚出生女婴被送到了木筏上顺流而下，矮小的内尔温族人威洛将她救了起来。威洛想将达南送归戴基尼人，于是带着她上路了。巴夫莫达女王得知消息后派出索莎公主和凯尔将军前往抓捕威洛他们。达南最终命运如何，她是否就是那位将来会推翻巴夫莫达统治的人？",朗·霍华德,http://www.iqiyi.com/v_19rrbcz9w8.html,美国/爱情/喜剧,646398900
塔拉吉·P·汉森/奥克塔维亚·斯宾瑟/Janelle Monae/凯文·科斯特纳/克斯汀·邓斯特/Theodore Melfi,隐藏人物,"影片讲述1962年，汉森饰演的非裔美国数学家与斯宾瑟和梦奈两位“同事”组成智囊团，为宇航员约翰·格伦成功绕地球轨道飞行做出贡献。",Theodore Melfi,http://www.iqiyi.com/v_19rrazxld8.html,美国/英语/高大上,668377600
阿牛/江若琳/惠英红/王乐妍/郑建国,为爱担当,"电影讲述了阿牛饰演的伟杰和江若琳饰演的芷欣结婚生子后，伟杰决定当全职奶爸照顾孩子来帮老婆分担压力。紧接着，家里又遇上芷欣的父亲中风住院，私生女风波，孩子失踪等事件。但是整个大家庭始终团结一心，共度难关。阿牛饰演的奶爸与萌宝之间的故事幽默有趣，两代人在照顾孩子上产生的分歧也让人啼笑皆非，男方家长与女方家长之间的矛盾也让电影更加的好玩，能让众多宝宝刚出生的观众产生强烈共鸣。",郑建国,http://www.iqiyi.com/v_19rr7buk30.html,喜剧/国语/家庭,673185600
李小饼/姜文轩/聂晶磊/刘力源/尚永峰,爱上吸血鬼,"惨遭轮奸的女孩偶然接触到一对隐匿在人间的吸血鬼母子，吸血鬼的超能力点燃了她的复仇之心，她决定把自己变成吸血鬼……",尚永峰,http://www.iqiyi.com/v_19rratclk0.html,爱情/恐怖/惊悚,613313100
徐丁/冯芷墨/褚会林,恶魔总裁的契约情人,"阮清恬苦练法语，借助应聘法语翻译的机会顺利接近任氏集团会长任浩铭，并成功引起任浩铭的注意。任浩铭与阮清恬在接触过程中好感倍增，很快便不顾一切地与阮清恬结婚。然而婚后不久阮清恬却离奇失踪，原来这都在阮清恬的计划之中，阮清恬的所作所为只是为了给多年前自杀的妹妹讨回公道，只不过事情的真相并不简单。任浩铭一时间无法原谅阮清恬的欺骗，便以两人的婚约为由强行将阮清恬留在身边。任浩铭表面上利用职位和身份对阮清恬进行全天候地折磨，实则是为了防止阮清恬胡思乱想。任浩铭暗中调查，终于使得事情水落石出。与此同时，早已爱上任浩铭的阮清恬也终于感受到了来自对方深深的爱，这对爱人互相谅解，十指相扣，相约永不分开……",褚会林,http://www.iqiyi.com/v_19rrb354h8.html,爱情/国语/纯爱,663446400
周子龙/何蓝逗/何文辉/岳冬峰/项秋良/项河生,降龙大师,"从妖龙作乱开始，引出济公开启了寻找降龙大师之旅，过程中遇见了狐妖小九和伏虎的转世阿福，三人成功的降服了虎妖，却未找到降龙大师，在狐妖小九的相助下，终于找到一个可以帮忙的大师，殊不知真正能降服妖龙的就是济公自己，最后济公成功的降服了妖龙，从妖龙体中取出了上古法器黑皇仗，然而这一切竟藏着惊天的阴谋，原来请来帮忙的大师是黑罗刹的化身，控制着狐妖小九一步步利用济公取出龙体内的黑皇仗从而获得法力统治三界，最终济公化身降龙罗汉与伏虎联合击败黑罗刹并牺牲自己封印了黑皇仗。",项秋良,http://www.iqiyi.com/v_19rrb2yq04.html,爱情/魔幻/国语,662966600
杰克·吉伦哈尔/达斯汀·霍夫曼/苏珊·萨兰登/布拉德·塞伯宁,月光旅程,"1973年的马萨诸塞州，乔·那斯特徘徊在一个名为凯普安的小镇里，这是他已故的未婚妻黛安娜·佛罗斯的家乡……在小镇的咖啡馆里，一个丧失理智的男人冲自己的妻子开了枪，却误射中了女服务生黛安娜。乔一下子陷入了无限的悲痛之中，他的生活乱了计划，不知如何是好。葬礼后，乔留在了未婚妻家中，与她的父母本和周周生活在一起。失去了女儿的本莫名地希望乔能像儿子一样一直与他们保持这种关系，他和周周把乔当成了他们与女儿接触的另一种方式。本邀请乔合伙开发小镇的房地产生意，乔于是拼命工作，想借助事业的成功来摆脱佛罗斯一家而又不伤他们的心。",布拉德·塞伯宁,http://www.iqiyi.com/v_19rrmy9f6o.html,美国/爱情/英语,281933900
郑拓疆/齐超/张峰/舒雅/关美婷/麦田,我在清朝当密探,"康熙年间，平西王吴三桂为巩固其势力，派遣世子吴应熊进京提亲。作为密探的王小宝和倾心贱宁公主的公孙不二等三人为其接风洗尘并探听其虚实。吴应熊求亲成功后在迎娶贱宁公主回云南之时意图不轨，被密探王小宝等人阉割。平西王吴三桂得到消息后震怒，起兵造反。康熙命王小宝三人统领三军镇压叛乱。王小宝在意外下得到外星来客玛利亚的帮助，展犬用计谋成果截获粮草，又策反了李褚里应外合之下大败军力胜于朝廷军的吴三桂叛军。最终的得到封赏并将贱宁公主许配给王小宝。公孙不二虽倾心贱宁，但也在王小宝和飞燕的帮助下打开心结，兄弟和好如初。",麦田,http://www.iqiyi.com/v_19rrb5bjpw.html,喜剧/国语/网络大电影,641777400
米拉·乔沃维奇/艾丽·拉特/Iain Glen/鲁比·罗丝/伊恩·马肯/保罗·安德森,生化危机：终章（国语）,"爱丽丝在华盛顿特区被威斯克背叛后身陷险境，人类几乎要失去最后的希望。作为唯一的幸存者，也是人类对抗僵尸大军的最后防线，爱丽丝必须回到噩梦开始的地方——浣熊市，才能完成拯救世界救赎人类的正义使命。回归故事发生的起点浣熊市，爱丽丝将和昔日的朋友一起对抗僵尸和最新变种怪物，与保护伞公司展开了一场惊心动魄的终极决战。",保罗·安德森,http://www.iqiyi.com/v_19rrazt45w.html,美国/科幻/恐怖,668332600
迈克尔·法斯宾德/玛丽昂·歌迪亚/布莱丹·格里森/杰瑞米·艾恩斯/贾斯汀·库泽尔,刺客信条（国语）,"卡勒姆·林奇在死刑即将执行之前清醒过来，发现他被索菲娅选中，来参加一个能让人类摆脱暴力冲动的计划。虚拟现实机器Animus能让用户体验祖先的记忆，被绑在机器上之后，卡勒姆·林奇意识到他是生活在西班牙宗教法庭时期一位刺客阿圭拉的后裔，他们寻找的是可以控制自由意志的伊甸园苹果。索菲娅在父亲艾伦施加的压力下不情愿地操纵着卡勒姆·林奇回到过去寻找伊甸园苹果在现代世界的下落，威胁着他身体和心理的健康。但在杀手同行穆萨暗示了卡勒姆·林奇，提醒他艾伦有可能动机不纯之后，卡勒姆·林奇开始重新考虑他的行为和动机，而人类自由意志的命运也变得悬而未决……",贾斯汀·库泽尔,http://www.iqiyi.com/v_19rrazpi0k.html,美国/科幻/动作,668165400
袁新/杨玥/李桢航/朱江,空中俏佳人,"玛莉的男友在一次飞机飞行中意外消失，她始终相信只要拥有某种超能力就可以在平行世界里找回自己消失的挚爱。为此，她不仅成为星雅航空最年轻干练的女飞行员，甚至不惜跟神秘巫师交换以换取瞬移的超能力去男友。玛莉追爱的勇气及拥有瞬移超能力后发生的一系列奇妙故事，不仅吸引到她隔壁星雅航空最帅机长凌峰的疯狂追求，还成为了羊城风云人物云天绑架的对象。与此同时，还经历着与星雅航空“三朵金花”空姐的友情考验。唯一温暖的隔壁相亲男人陆过，似乎又有着不可告人的秘密。谁最终打破了神秘巫师的魔咒？谁才是守护在玛莉的真命天子？爱情与阴谋，友情与磨难，到底上演着怎样的离奇事件？",朱江,http://www.iqiyi.com/v_19rrb6f8fo.html,爱情/魔幻/国语,641695000
米拉·乔沃维奇/Iain Glen/艾丽·拉特/鲁比·罗丝/伊恩·马肯/保罗·安德森,生化危机：终章,"爱丽丝在华盛顿特区被威斯克背叛后身陷险境，人类几乎要失去最后的希望。作为唯一的幸存者，也是人类对抗僵尸大军的最后防线，爱丽丝必须回到噩梦开始的地方——浣熊市，才能完成拯救世界救赎人类的正义使命。回归故事发生的起点浣熊市，爱丽丝将和昔日的朋友一起对抗僵尸和最新变种怪物，与保护伞公司展开了一场惊心动魄的终极决战。",保罗·安德森,http://www.iqiyi.com/v_19rrb4ak1s.html,美国/科幻/恐怖,644277100
伯特·雷诺兹/埃迪·艾伯特/艾德·劳特/Michael Conrad/James Hampton/罗伯特·奥尔德里奇,牢狱风云,"雷纳德曾经是名红极一时的职业橄榄球选手，但因某种原因被关进了监狱。狱长沃顿·海森酷爱橄榄球，却生性残忍。他专门雇佣那些擅长玩橄榄球的狱警，让他们和犯人们进行“比赛”。可怜的犯人们根本不是对手，只能任由狱警欺负。富有反叛精神的雷纳德来到球队中后，顶住了沃顿的压力，不搞种族歧视，而是团结众人共同对抗沃顿的压迫。渐渐地，他赢得了伙伴们的尊重，成为球队的精神领袖。可他也因此招致了沃顿的嫉恨。到底是放弃比赛以重获自由，还是冒着在监狱里度过余生的危险而坚持下去呢？相信每个人都会得到相同的答案。影片中的橄榄球赛场面可谓经典：大量的暴力镜头，激烈的碰撞，紧张的气氛，受伤的队员躺在病床上还不忘收听广播为队友加油……一切都使人不由自主地沉浸在这场正义与邪恶的较量之中，忘记了时间的流逝。",罗伯特·奥尔德里奇,http://www.iqiyi.com/v_19rrb0bs98.html,美国/喜剧/动作,666941600
Cuba Gooding Jr./Nate Parker/泰伦斯·霍华德/崔斯坦·瓦尔德斯/伊利亚·凯利/安东尼·海明威,红色机尾（国语）,"影片讲述二战中，美国第一批黑人飞行员，克服当时制度和种族上的限制，组成了一支带有实验性质的特殊的轰炸机护卫队——塔斯克基飞行员。他们的飞机上都画着“红尾巴”，于是这也成为了他们的绰号。“红尾巴”这支美国军事史上第一支由非裔美国人组成的飞行员编队，因为参加战争培训被派往阿拉巴马州随时准备迎战。在那里，他们经历了猖獗的种族主义和骚扰，他们的飞行和战斗能力曾饱受质疑，但“红尾巴”在空中卓越的表现，促使空军废除了种族隔离制度。他们在与意大利、德国的冲突中也起到了不可或缺的作用。",安东尼·海明威,http://www.iqiyi.com/v_19rrb51hh0.html,美国/战争/动作,643549400
Michael Beck/詹姆斯·瑞马尔/Dorsey Wright/布莱恩·泰勒/David Harris/沃尔特·希尔,战士帮,"遍布纽约全城的数百帮派在这个夜里集体出动，为了响应纽约地下王者塞勒斯的号召，每支帮派派出九名不携带武器的成员参加塞勒斯的帮派大会。塞勒斯慷慨陈词，要求所有帮派遵守停战协议，将矛头一致对准警察，然而在演讲当中，塞勒斯中枪身亡，来自科尼岛的“战士帮”成员目击凶手，反被对方诬陷，混乱的人流里，战士帮匆匆逃出场地。帮派大会随即发出信息，要求各处的帮派截击返回科尼岛的战士帮。这边厢，因老大克里昂失踪，斯旺带领其他七人应对这凶险的一夜，他们将面临其他帮派与警察的双重堵截，为了能回到自己的地盘，只能靠自己打出一条通路。",沃尔特·希尔,http://www.iqiyi.com/v_19rrnnfsqc.html,美国/动作/惊悚,355501400
Barbara Schroeder/Barbara Schroeder,三角网恋,"这是一个难以置信却又真实发生的故事，存在着三角爱情关系的三个人从未见过面，只在网上认识，然而一个进了监狱，一个以死亡告终，三人的家庭也被搞得天翻地覆。",Barbara Schroeder,http://www.iqiyi.com/v_19rrb7vnog.html,美国/惊悚/英语,637668300
丹尼斯·霍珀/比尔·莫斯利/Caroline Williams/Jim Siedow/托比·霍珀,德州电锯杀人狂2,"故事发生于德州电锯大屠杀事件的十三年后，警方一直无法破案，甚至找不到任何受害者的尸体，然而电锯带给德州的恐惧却从未停止。探长域士决心要为当年被屠杀的兄弟报仇，多年来追查电锯食人家族的下落。唱片骑师史琪芝在接听听众点唱时，无意中听到电话筒内传来惨叫和电锯的声音，她主动向域士提供线索并不断在电台播放那段声带，意图引起电锯食人家族的注意。不出所料，声带惹怒了电锯食人家族，一场血肉横飞，惨绝人寰的大决战即将展开。",托比·霍珀,http://www.iqiyi.com/v_19rrof1ig0.html,美国/喜剧/恐怖,376714700
罗曼·波兰斯基/伊莎贝尔·阿佳妮/茂文·道格拉斯/乔·范·弗利特/Bernard Fresson/罗曼·波兰斯基,怪房客（1976）,"内向的波兰裔青年塔尔科夫斯基独自来到巴黎，希望在此租住一间公寓。这间房之前的房客西蒙·肖不知出于何种原因跳楼自杀。在西蒙于医院中气绝身亡后，塔尔科夫斯基顺利地成为了新的房客。乔迁之喜并未给他带来太多欢乐，周遭的压抑气氛无时无刻不在侵扰他的神经。这桩古老的公寓中住着许多古板沉闷的人，他们抱怨塔尔科夫斯基制造过多的噪音、联名排挤其他房客……这个可怜的青年虽然小心应对，却渐渐被他们逼向绝境。塔尔科夫斯基开始意识到西蒙·肖自杀的原因，他同时发现，自己也正被这群怪房客引向毁灭的终点……",罗曼·波兰斯基,http://www.iqiyi.com/v_19rrb88210.html,惊悚/悬疑/英语,638396200
,玉子爱情故事,"单纯善良的北白川玉子、外刚内柔的常盘绿、我行我素的牧野神奈和外冷内热的朝雾史织，四位好友相互陪伴，度过了人生中最快乐的三个年头，如今，毕业季在即，面对尚且处于迷雾之中的未来，四个女孩心中有着隐隐的不安，但更多的，还是对日后生活的希冀和幻想。玉子家中世代经营着一间打糕店，而玉子又是家中的长女，这让玉子不得不开始考虑起了继承家业的想法。与此同时，玉子的青梅竹马大路饼藏亦有着自己的选择，尽管他家和玉子家是商店街的竞争对手，但他俨然已经喜欢上了可爱的玉子。",,http://www.iqiyi.com/v_19rraucqn8.html,日漫/言情/校园,661233800
哈尔·霍尔布鲁克/阿德里安娜·巴比欧/弗里茨·韦弗/莱斯利·尼尔森/韦薇卡·琳德佛斯/乔治·A·罗梅罗,鬼作秀,"全片分六段描述、恐怖的事，有鬼屋、杀人断头．．．．等，集恐怖之大成、饮血吸髓、包您大呼过瘾。",乔治·A·罗梅罗,http://www.iqiyi.com/v_19rrofqh4c.html,美国/喜剧/恐怖,375816000
郭亮/朱林/陶凯,激情岁月之初入江湖,"天翼、博轩、阿伟、浩宇、思文，这五个年轻人志趣相投，心心相印，更是好兄弟。他们发誓，一定要在这个社会中闯出一番事业来！由于初入社会，社会阅历不足、经验尚浅。在打拼的过程中，不慎误入了歧途，借了巨额的高利贷，才迫不得已被逼进了黑道，成为江湖中的一级打手。在黑道的路上，他们经历了各种艰辛和磨难，有苦有甜、有笑有泪，他们争吵过、误会过、摩擦过，但是那颗最诚挚的兄弟情谊之心依旧没变！在遇到真正麻烦困难之时，都愿意为兄弟两肋插刀，挺身而出，兄弟齐心，其利断金，最终他们在这个社会上混出了自己的一片天地！",陶凯,http://www.iqiyi.com/v_19rrb4nx08.html,青春/国语/网络大电影,642802100
乐天/吕佳沁/肥龙/泰勇气/莫云,伏妖记之误入女儿国,"妖魔之界，妖王欲打开妖界封印，得道仙姑和法师欲降服妖王，维持三界，可惜力不从心。生活屡遭不顺的张天一，却成了仙界选中的除妖伏魔者，他和楚宇意外地穿越到了古代女儿国，离奇怀孕，经历生死，享受美女盛宴，而封印了千年的妖王也被放出，整个女儿国危难面临。张天一初战妖王，远远低估了妖王的厉害，结果好友楚宇丧生，灵儿丧生，仙姑法师生死不明，他和凤麟死里逃生，复仇和拯救逼得他无处可走，懊恼与绝望使他功力难增，一场大战难以避免，张天一如何伏魔？如何成为女儿国的英雄……",莫云,http://www.iqiyi.com/v_19rr9xbuoc.html,喜剧/奇幻/国语,599458400
夏海涛/夏海涛,我的高中时代,"十七岁的雷雨（summer饰）是一个性格爷们儿且长相平凡的高中生，因为家庭重男轻女的原因，在班级里开起了“小卖部”来实现自己少女时代的每一个细小愿望。因为一次迟到，认识了转校生—夏仁（夏海涛饰）。为了让小伙伴们每天都来照顾自己的“生意”，雷雨同意打赌追求这位学霸男神。在小伙伴们的怂恿下，雷雨展开了一系列夸张的疯狂举动，却屡遭失败。但在这疯狂追求夏仁的过程中，雷雨却逐渐喜欢上了夏仁，从此改变了自己的人生轨迹。",夏海涛,http://www.iqiyi.com/v_19rrb554nk.html,爱情/青春/国语,643571900
冒瑁/思彧,致命礼物,"网络小说作家李悦（冒瑁饰）在生日当天意外收到一件匿名快递，里面是一块精致的古董金表。无意间，李悦发现这块古表拥有可以带她穿越到过去与未来的神奇能力。然而，伴随着古表的到来，李悦最好的两个朋友方敏（王丽语饰）和许乐（杨东翰饰）相继因意外事故遇难。为了拯救好朋友的性命，李悦想要利用古表穿越回过去，阻止意外的发生。可是这一切的一切却如诅咒一般永无止境，死亡永不停歇地纠缠着三人，死神的快递牢牢地绑住了三个人的命运，谁生谁死，是救赎还是毁灭，一切缘皆有因，一切善恶皆有果……",思彧,http://www.iqiyi.com/v_19rrbajc2s.html,科幻/悬疑/国语,650571400
理查德·基利/Bob Fosse/吉恩·怀尔德/Steven Warner/斯坦利·多南,小王子（1974）,"本片是以安东尼的童话故事为基础，这个神奇的音乐寓言故事开始于飞行员意外降落在贫瘠的撒哈拉沙漠，他和一个来自地球小行星B-612的小王子成为朋友，在接下来的日子，这个飞行员了解了小男孩的故事和他在星球之旅上遇到的国王、商人、历史学家等等。。。",斯坦利·多南,http://www.iqiyi.com/v_19rrmyb1ok.html,美国/科幻/英语,281845800
何倬卫/唐巾武/招伟惊/刘丹（女）/赵林强,少年进城闯天下,"本片讲述王小宝和王梦为了完成他们的电影梦想，他们决定去广州做演员。在路上偶遇见了一位制片人，他们见义勇为的行为感动了制片人，制片人又特意制造各种囧事考验他们！他们出色表现，制片人决定带他们找剧组拍戏，到了广州离开了制片人，想找到青梅足马的女孩落个脚，却发现女孩被人包养，让他们失去自己最喜欢的女孩。找剧组，一天天挨饿，流落街头，被剧组拒绝和驱赶！偶然制片人想起了王小宝和王梦的正义感，特意改掉一个剧本，让他们做主角，找到了他们，他们的梦想就这样开始了！",赵林强,http://www.iqiyi.com/v_19rracbuvs.html,喜剧/青春/国语,624669300
Preston Jones/Michael Trotter/丹尼尔·纽曼/Nestor Aaron Absera/丹尼·朴迪/史蒂夫·拉什,哈拉上路2：啤酒桌球赛,"三个大学室友，他们放弃所有的事情，不顾一切的去参加一次公车旅行。这是一次充满了性的终极啤酒桌球赛的全国巡回赛事。一路上，他们遇到很多奇怪的事情，令人捧腹大笑。可以让你体验到任何啤酒桌球赛所不存在的喜剧效果。",史蒂夫·拉什,http://www.iqiyi.com/v_19rrojevwo.html,美国/喜剧/青春,369376100
克里斯·洛克/罗莎里奥·道森/崔西·摩根/塔拉吉·P·汉森/加布里埃尔·尤尼恩/克里斯·洛克,业内前五,"安德雷·艾伦，因搞笑脱口秀而走红，通过出演欢脱无脑的电影（扮成一只棕熊）跻身好莱坞，即将与一位真人秀女星结婚。未婚妻希望将他们的婚礼在她的真人秀节目中直播，经理人则告诉他这样会损害他的形象和事业，降低身价。同时，一位《纽约时报》记者的采访，她那些诸如“你怎么不搞笑了呢？”之类的尖锐问题，则迫使他重新审视自己的过去，自己的生活和事业。两人在朝夕相处之间，似乎也生出不一样的情愫。",克里斯·洛克,http://www.iqiyi.com/v_19rroiczbc.html,美国/喜剧/英语,371931300
伊莎贝拉·米珂/哥伦布·绍特/杰奎琳·比塞特/Aubrey Dollar/伊安·布瑞南/David Petrarca,留住最后一支舞2,"对舞蹈有着狂热爱好和天赋的萨拉离开了芝加哥，来到了名扬万里的茱莉亚艺术学院继续深造。在那里，她展现出了过人的魅力，从一帮同龄人间脱颖而出。老师们喜欢萨拉的激情与刻苦，但这种偏爱却给萨拉带来了不小的麻烦，她和同学们之间的关系似乎因此陷入了僵局。一次偶然中，萨拉遇见了名为迈尔斯的英俊教授，无视两人之间巨大的年龄差异，萨拉奋不顾身地坠入了情网。麻烦还不仅仅止于此，在对于未来道路的选择上，萨拉也遇见了难题，在传统的芭蕾和新潮的街舞之间，她不知道该如何选择。",David Petrarca,http://www.iqiyi.com/v_19rrb7u3b4.html,美国/爱情/英语,637741100
Kristen Riter/Matthew Goldsby/杰里·贝尔森/Joe Flood/Joe Talarowski/迈克尔·里奇/米基·罗斯,学生闹翻天,"在万圣节之夜,高中学生一个个都死於非命,共同点是都在亲热时被杀,女主角托比是位高中生,因为她的老友一个个都死了,箭头也指向托比涉有重大之嫌疑,她该如何挺身而出,根据线索抓到真凶?绝对是学校里的某一份子干的!是校长?校长秘书?老师?工友?护士?还是心理医师呢?",迈克尔·里奇,http://www.iqiyi.com/v_19rrb7sgxo.html,美国/喜剧/恐怖,637550800
塞缪尔·富勒/乔治·费舍/克里斯蒂·麦克尼科尔/克莉斯特·朗/詹姆森·帕克/塞缪尔·富勒,白狗,"朱莉是一名女演员，一次意外中，她驾车撞伤了一只狗，四处求医无门又不忍心弃之不管的朱莉最终决定将狗收留。有狗狗陪伴在身边，朱莉的心中多了一份安全感，当她看见狗和入室抢劫的歹徒英勇搏斗之后，朱莉更是对这只勇敢的动物充满了信任和依赖。随着时间的推移，朱莉发现对自己忠心耿耿的狗对黑人却有着超乎寻常的强烈攻击性。原来，在幼年时期，狗曾经经受过十分残酷的训练，用以将它变成攻击黑人的“武器”，为了恢复狗纯良的本性，朱莉找到了驯兽师查理驯化狗。经过不懈的努力，查理的训练终于初见成效，不幸的是，意外还是发生了。",塞缪尔·富勒,http://www.iqiyi.com/v_19rro5oow4.html,美国/恐怖/惊悚,392490600
凯特·温丝莱特/乔什·布洛林/加特林·格里菲斯/托比·马奎尔/布鲁克·史密斯/贾森·雷特曼,情动假日,"故事发生在1987年的美国，阿黛尔和亨利是一对相依为命的母子，一次偶然中，两人在购物途中遇见了满身是血的流浪汉弗兰克，误打误撞之下，阿黛尔和亨利将弗兰克带回了家，弗兰克亦诚恳地坦白了他灰暗的过往。原来，弗兰克是一名逃犯，他因为发现深爱的儿子并非自己亲生而在愤怒之中失手杀死了女友曼迪。随着时间的推移，弗兰克和阿黛尔之间的关系越来越亲密，两人决定带着亨利远走高飞，然而，正当计划即将顺利实施之时，亨利却将这个秘密告诉了早熟的女孩莲诺，这一举动为阿黛尔和弗兰克带来了灾难性的麻烦。",贾森·雷特曼,http://www.iqiyi.com/v_19rrab27do.html,美国/爱情/英语,626734000
李海涛/胡芳/赵亮/龚祥顺,绝命追击,"换届临近，老爷子无意中被人拍照，愤怒异常，派遣助手林祖恩指使刘耀明查出真相。刘耀明即刻派遣张扬跋扈的弟弟刘耀清侦办此事，却不想林祖恩发现刘耀明的把柄并以此要挟刘耀明为其还清巨额赌债。刘耀明命阿辉追杀林祖恩，却意外杀死警察阿乐，引起老警察老柯的追查。阿辉再次追杀林祖恩时受伤，偶遇按摩女单晓燕，两人相处间产生微妙感情。刘氏兄弟罪证不慎落入单晓燕手中，刘耀清因此要挟阿辉交出罪证而将奶奶绑架。后又挟持单晓燕以逼阿辉。阿辉怒不可遏，愤怒之下将刘耀清杀死，刘耀明悲痛欲绝，两人生死之战一触即发。",龚祥顺,http://www.iqiyi.com/v_19rraf6iug.html,动作/国语/网络大电影,635604100
唐纳德·萨瑟兰/凯伦·布莱克/威廉·阿瑟东/布吉斯·梅迪斯/杰基·厄尔·哈利/约翰·施莱辛格,蝗虫之日,"渴望成为艺术家的陶德，来到好莱坞寻求机会，从事布景绘制。木讷寡言的旅馆会计何默，年复一年受无趣的工作奴役，存了一笔积蓄后来到好莱坞度假。陶德和何默双双爱上一心想成为巨星的菲耶，然而贪慕虚荣的她并不放在心上。哈利去世了，为了能安葬父亲，菲耶当了应召女郎，托德对此非常气愤。似乎是有意气他，菲耶转而又同懦弱的霍梅尔同居，在将霍梅尔抓在手心后，菲耶又继续同其他人鬼混。霍梅尔发现了菲耶的勾当，菲耶索性不辞而别，不知所踪。大剧院门口聚集着一大群人，他们都在等待明星的到来。霍梅尔为了找寻菲耶，也来到了人潮汹涌的现场。这时，一名童星朝霍梅尔嘲笑，多日积聚的怨恨使霍梅尔失去了理智，愤怒将童星杀死，由此引发了一场巨大的群众骚乱。",约翰·施莱辛格,http://www.iqiyi.com/v_19rrofrabk.html,美国/惊悚/英语,375835500
唐纳德·萨瑟兰/玛丽·泰勒·摩尔/蒂莫西·赫顿/伊丽莎白·麦戈文/Fredric Lehne/罗伯特·雷德福,普通人,"和大部分家庭一样，杰瑞特一家人过着稳定而又平静的生活，卡尔文不仅是一个工作上矜矜业业的正直律师，同时也将父亲和丈夫的角色扮演得十分出色，和妻子贝丝结婚二十余载，两人的感情分外稳定。身为杰瑞特家的大儿子，伯克享受着更多的关心与爱，身为小儿子的康纳德对此却并不在意。一次意外中，伯克溺水身亡，悲痛欲绝的贝丝迁怒于当时和伯克在一起的康纳德，这让后者十分痛苦与自责，好在有卡尔文的陪伴和关心，他内心的创伤才渐渐治愈。然而，当他再次鼓起勇气向母亲索取温暖的时候，贝丝的举动却让他的心再一次坠入了冰窖。",罗伯特·雷德福,http://www.iqiyi.com/v_19rrnp6kt0.html,美国/英语/家庭,354415800
斯碧尔·谢波德/Cloris Leachman/Barry Brown/彼得·博格丹诺维奇,黛丝米勒,"黛西拥有着美丽的面孔，和当时的女人们不同，她个性独立，向往着自由与奔放。在欧洲旅游的途中，黛西结识了名叫温特伯恩的年轻男子，刚见面没多久，温特伯恩便被黛西的开朗和乐观深深地吸引了，两人之间的距离越来越近。不幸的是，黛西和温特伯恩之间的感情遭到了后者姑母的强烈反对，她告诉温特伯恩，黛西的风评很差，是一个轻浮又放荡的薄情女子。刚开始，被爱情冲昏了头脑的温特伯恩并不相信姑母所言，但是，当他亲眼看到黛西和陌生男子出双入对之后，他终于在绝望中选择了离开。不久之后，黛西染上了不治之症，死前，她给温特伯恩写了一封信，直到这时，温特伯恩才发现黛西心中所隐藏的，对于自己那火热而又真挚的感情。",彼得·博格丹诺维奇,http://www.iqiyi.com/v_19rrofqfkw.html,美国/爱情/英语,375813900
爱德华·赫曼/杰克·尼科尔森/沃伦·比蒂/黛安·基顿/保罗·索维诺/沃伦·比蒂,烽火赤焰万里情,"二十年代初期，响往共产主义的美国名记者约翰·雷德千方百计跑到十月革命之后的苏俄体验生活，追求理想的政治国度，并写出了轰动世界的报导文学《震动世界的十天》。",沃伦·比蒂,http://www.iqiyi.com/v_19rrno1i2g.html,美国/爱情/英语,354431700
马克·沃尔伯格/Brie Larson/杰西卡·兰格/约翰·古德曼/Sonya Walger/鲁伯特·瓦耶特,赌棍（2014）,"吉姆·本内特既是大学英语文学教授，又是一个大手笔的赌徒。他让学生打假球，使自己在赌局中牟利。随着赌瘾日渐加深，他的生活陷入万劫不复之中。由于债台高筑，他不得不已自己的生命为代价，向一位高利贷大佬弗兰克借债。",鲁伯特·瓦耶特,http://www.iqiyi.com/v_19rroiexak.html,美国/英语,371893600
侯高俊杰/耿嘉甜/司熠/王紫瑞/吴寒/赵恩熙/张歆雅淇,梦想漂流记,"童星培训学校迎来了新的一批学员，根据他们的性格，穆老师将他们分成五组，并要求学生们自己选出组长。最终，沈梦宜、傅紫瑞、萧潮、欧阳妍嫣、卫一函五人凭借自己的能力当上了组长。五组成员平时都在一起进行训练，互相虽然偶尔有摩擦，但很快就重归于好，直到有一天穆老师突然带了一个叫晓波的知名童星公司的艺人负责人，并宣布要从他们之中选择一个人成为班长，具备着被其影视公司优先录取的资格。几组孩子也随着竞争的逐渐加剧，一直积压的矛盾终于爆发开来，因为一些意外情况，导致几个孩子被人贩子抓住，最终凭借着几名机智的孩子和警察的共同努力下，有惊无险的成功营救出受困的孩子，明星公司也破格将他们全部招收，皆大欢喜！",武岳东,http://www.iqiyi.com/v_19rrb5tpy8.html,青春/国语/网络大电影,642756300
艾迪·墨菲/马丁·劳伦斯/Obba Babatundé/尼克·卡索维茨/安东尼·安德森/Ted Demme,人生,"故事发生在美国实行禁酒令的年代，小扒手雷和爱小赌两把的准银行行员克劳在因缘际会的情况下，必须为史班吉运送私酒。然而原本只是到密西西比买酒的两人却在坏心警长的陷害下，被诬告犯下谋杀罪而获判终生监禁；无辜入狱的雷和克劳两个人由原本一见面就吵架的对头冤家，在朝夕相处下渐渐培养出互相依赖的情谊，在漫长而无聊的牢狱生涯里，两人心中共同的希望便是有朝一日能脱离这座牢笼，因而想出无数次千奇百怪的越狱计划，却也在不知不觉间渡过了六十余年的牢狱生活……",Ted Demme,http://www.iqiyi.com/v_19rrauvui4.html,美国/喜剧/犯罪,660014400
肖恩·托布/萨伊德·塔格马奥/阿托莎·利奥妮/马克·福斯特,追风筝的人,"2000年美国加利福利亚，知名作家阿富汗人Amir接到一个电话，将他带回了童年的岁月，1978年阿富汗喀布尔，Amir是富家少爷，仆人Ali的儿子Hassen是他忠实的跟班与玩伴。二人参加了一场传统的斗风筝比赛，Amir经历了终身难忘的事情，两人的命运随之改变：Ali和Hassen离开了Amir家，音信全无；随着阿富汗战争的爆发，Amir和父亲移民到美国，过上了新的生活。电话是父亲的老朋友Rahim打来的，希望Amir能够到阿富汗去找Hassen的儿子Sohrab，等待Amir的，除了满目疮痍的家乡、不堪回首的往事，还有难以启齿的秘密。",马克·福斯特,http://www.iqiyi.com/v_19rrmy3fww.html,美国/爱情/战争,281623100
彼得·盖勒/艾丽森·艾略特/威廉·菲德内尔/Joe Don Baker/史蒂文·索德伯格,危险狂爱,"由史蒂文·索德伯格导演的这部犯罪剧情片讲述浪子米高返回老家，重遇刚开始新生活的母亲，因爱成妒的弟弟及一个他曾离开的女人丽书。为了夺回丽书，米高孤注一掷。可是，爱慕变成痴恋，而一场尔虞我诈的游戏随即开始，引来无尽的杀机。",史蒂文·索德伯格,http://www.iqiyi.com/v_19rrauvn18.html,美国/惊悚/犯罪,660036400
方丈/张海龙/一阳,江湖豪情—特殊任务,"黑帮大哥雷豹的女朋友出轨小混混刘星星，为了保命，刘星星策划了一出戏中戏。全片以黑色幽默为主打，其中不乏精彩的飙车情景，武打情景，集合了爱情，热血，武打等多种元素。刘星星找来他最好的朋友，大圈小圈，与江皓宇四人决定决定不再躲藏于是四人继续假戏真唱，约出雷豹拿着早已准备好石川留下的证据偏雷豹出现谈判。四人，通过石川留下的优盘偏出雷豹说出犯罪记录。同时大圈小圈通过在剧组多年的灯光和特效经验制造警察包围厂房的假象。四人合力将雷豹绳之以法交给警方。小人物大故事，故事大结局反转。",一阳,http://www.iqiyi.com/v_19rrb7py4g.html,爱情/喜剧/国语,639515500
戴安娜/雷鸣/阿仁/相金利/李斌,我的清纯大小姐,"青云阁少主江流儿奉命化身学生，卧底燕都学院调查连环失踪案，意外邂逅清纯动人的“水晶校花”萧雨晴。电光火石的爱情也无法吹散笼罩在学校上空的恐怖阴云，甚至鬼、气、煞、雄四大恶少也离奇失踪了，一个神秘的黑影鬼魅般出现，闹得人心惶惶。随着江流儿调查的深入，一段埋藏三世的轮回虐恋重见天日，幕后凶手原来是她，萧语晴?!",李斌,http://www.iqiyi.com/v_19rrb6eyk4.html,爱情/魔幻/国语,641503000
苏桐/钱雪夷/李乐/樊浩/华峤/贾凯,西游之女妖王,"师徒四人途径西凉境地。一进城就感受到阴森之感。后来经过几次探索之后，悟空发现竟是狐妖作祟，几番周折以后，悟空使记将狐妖捉拿，谁知狐妖竟迷惑八戒，使得八戒与悟空，沙僧相互伤害。不过悟空机智化解，最终打死狐妖救出师傅，从新上路！",贾凯,http://www.iqiyi.com/v_19rrbb8t18.html,喜剧/魔幻/国语,649645200
艾伦·佩恩/艾迪·格里芬/乔·莫顿/彼得森 A·怀特莫尔2世,赴死之士,"修女海伦受死刑犯马修·庞斯莱之托，前往监狱探望他。马修否认残杀年轻情侣被判死刑，提出上诉。海伦一路走访，深入村庄调查真相。一方面是被虐杀而死的无辜情侣，一方面是即将被处决的罪犯的精神依托，海伦使尽各种办法帮助马修，但当她面对受害者双亲的痛诉以及公众的愤怒时，海伦的内心也陷入纠结的道德审判中。海伦最终感化了马修。行刑前，马修承认自己的罪行并祈求得到受害者家人的宽恕，安心而有尊严的走完人生的最后168小时本片改编自修女海伦·普雷金的真实故事，苏珊·萨兰登因本片荣获第68届奥斯卡最佳女主角。",彼得森 A·怀特莫尔2世,http://www.iqiyi.com/v_19rrauvhpw.html,美国/犯罪/英语,660031000
龙怡利/张刁文,面具,"女孩刘予茜在街头遭人欺负,被一个戴着白色面具的男子救下。带着好奇与报恩的想法，好不容易走近他才发现面具男正在侦探一件惊天迷案，在与幕后黑手局中局的算计之中，只为寻找到能改变这一切的“宝物”。其中面具男为什么一直戴面具很是奇怪；另外在寻找“宝物”途中，女孩刘予茜渐渐爱上了面具男，但有一种阴影总徘徊在她心里挥之不去……",张刁文,http://www.iqiyi.com/v_19rrbdapsg.html,惊悚/悬疑/国语,646917500
尚格·云顿/Donald Gibb/Leah Ayres/Norman Burton/福里斯特·惠特克/纽维特·阿诺,血点,"功夫高手法兰克必须在毫无规则限制的拳赛中为自己的性命放手一搏。法兰克参加一种传自香港九龙的非法秘密拳赛，并希望成为首位赢得该赛事的西方人。然而在赢得第一场胜利后，法兰克发现自己要烦恼的事不只是要如何赢得冠军，情报局探员要他退出比赛，一位美丽的记者想报导他的故事，更不用说他的对手想要他的小命！",纽维特·阿诺,http://www.iqiyi.com/v_19rrog9koo.html,美国/动作/英语,374724500
袁淇棋/何信明/李杨,杀人游戏之夺命骷髅,"007是一个侦探事务所的代理老板，一天，他遇到了将是他终生搭档的华生，华生给他带来了一个案件，那是一家桌游俱乐部里发生的案件，那个俱乐部每天晚上都要进行一个桌游游戏：天黑请闭眼，只是当天晚上的被首杀者事后都会失踪，007和华生决定去调查这个俱乐部，在游戏当中，他们遇到了一位蒙面人（赏金猎人），一场真正的杀人游戏随之展开......",李杨,http://www.iqiyi.com/v_19rrb44z9w.html,喜剧/国语/网络大电影,644017400
施展/文梦洋/兰岚/廖越/欧阳奋强,诡眼,"受了三年牢狱之苦的徐达文，出狱后找到了自己飞黄腾达的孪生兄弟徐达武，久别重逢的两兄弟相见后却因金钱纠纷反目成仇，就从这一天开始，两人的命运也彻底发生了转变，先是不约而同的遭遇了各种离奇的恐怖事件，随后又常常的感觉到身边好像始终有一双诡异的眼睛窥视着自己。而这发生的一切似乎都指向了三年前的那一次“意外”，女大学生丽丽因突发状况失足滑倒，不幸身亡，徐达文因过失致人死亡罪，被轻判入狱三年。冤有头，债有主，这接二连三发生的怪事和那阴魂不散的双眼，究竟是死去的丽丽回来找他们索命，还是另有其人从中搞鬼，这场看似简单的“意外”则成为他们深陷死亡泥沼的肇因，而两人刻意隐藏了三年的“秘密”也渐渐的浮出了水面…",欧阳奋强,http://www.iqiyi.com/v_19rrb32cxg.html,恐怖/惊悚/悬疑,663317400
简心/穆俊其/关智心/陈艾哲,许我们任性的青春,"才子学霸苏定晨和阳光暖男乔俊杰意外救下呆萌妹子简心。当简心找上门道谢的时候，苏定晨被简心的善良、美貌深深捕获，面对简心的示好，苏定晨却误以为简心喜欢的是乔俊杰，而此时高考临近，两人之间的误会越来越大，这段青春盛宴的最后时光里，他们最终会做出怎样的抉择呢？",关智心,http://www.iqiyi.com/v_19rrb511qo.html,爱情/青春/国语,643499900
Brenna O'Brien/卡莉·波普/Nora Zehetner/Dagen Merrill,脚下,"14岁的小女孩克莉丝蒂驾车时不慎造成一场严重的车祸，她的精神受到严重刺激，而坐在旁边的姐姐维妮莎也身负重伤。六个月后，维妮莎宣告不治身亡，克莉丝蒂的精神状态也进一步恶化，不得已她被送往康复医院治疗。在此期间，她接受大夫的建议，不断将自己那诡异的梦境画下来，时光在压抑的气氛中缓缓流逝。为参加葬礼，克莉丝蒂返回了阔别已六年之久的家乡。当年的梦魇仍在继续，她受到姐夫及其家人的排斥，但是她始终认为姐姐的死另有隐情。克莉丝蒂偷偷展开调查，却发现这一连串罪恶的真相都与她多年来的噩梦息息相关…",Dagen Merrill,http://www.iqiyi.com/v_19rrmybbs4.html,美国/恐怖/惊悚,281845000
艾玛·斯通/瑞恩·高斯林/约翰·传奇 /罗丝玛丽·德薇特/J·K·西蒙斯/达米恩·查泽雷,爱乐之城,"米娅渴望成为一名演员，但至今她仍旧只是片场咖啡厅里的一名平凡的咖啡师，尽管不停的参加着大大小小的试镜，但米娅收获的只有失败。某日，在一场派对之中，米娅邂逅了名为塞巴斯汀的男子，起初两人之间产生了小小的矛盾，但很快，米娅便被塞巴斯汀身上闪耀的才华以及他对爵士乐的纯粹追求所吸引，最终两人走到了一起。在塞巴斯汀的鼓励下，米娅辞掉了咖啡厅的工作，专心为自己写起了剧本，与此同时，塞巴斯汀为了获得一份稳定的收入，加入了一支流行爵士乐队，开始演奏自己并不喜欢的现代爵士乐，没想到一炮而红。随着时间的推移，努力追求梦想的两人，彼此之间的距离却越来越远，在理想和感情之间，他们必须做出选择。",达米恩·查泽雷,http://www.iqiyi.com/v_19rr9whs5g.html,美国/爱情/英语,600153000
基努·里维斯/安娜·德·阿玛斯/米拉·索维诺/克里斯托弗·麦克唐纳/吉·马利克·林顿,曝光,"一名警探试图调查他的拍档死亡的真相。随着调查的深入，这件离奇的案件背后的秘密逐渐被揭开。一切都指向警局内部的腐败和一位貌似毫不相关的年轻女性。",吉·马利克·林顿,http://www.iqiyi.com/v_19rrb33jtg.html,美国/悬疑/犯罪,663323000
爱丽丝·戴维/文森特·德桑奈特/克里斯汀·克拉维尔/Philippe Lacheau/Nicolas Benamou/Philippe Lacheau,临时保姆2,"Sonia希望把Franck介绍给她爸爸Jean-Pierre。她爸爸是巴西一个生态酒店的主管，所以这一群伙伴就一起顺道去巴西度假了。一天早上，这群逗比男们要去亚马逊森林探险，Jean-Pierre突发奇想，让他们把他妈妈带上，当她得临时保姆。。。毫无疑问，第二天，大家都消失了。。。而Sonia和他爸发现了逗比男们落下的那支狗炮运动相机。。。于是，他们就开始从相机里的视频开始找这群逗比男的线索。。。",Nicolas Benamou,http://www.iqiyi.com/v_19rraucymc.html,喜剧/法语/荒诞,661231400
冯湘宁/秦龙/林云秀/杨继志/陈京,时空飞仙,"本文讲述了大学刚刚毕业的宋宁曦，只身来到郊区的伊氏疗养院应聘。富丽堂皇的疗养院里，全是各种各样的怪人。绑满绷带的僵尸、穿着兽皮的野人、身着麻衣的乞丐、紧身皮衣的性感女郎...宋宁曦虽然感觉奇怪，但是为了自己还在上学的妹妹，还是在合同上签了字。工作的第一天，宋宁曦就被吓得不轻。但是疗养院院长巧舌如簧，最后还是留住了宋宁曦。突然有一天来了一位时空访客，他就是历史上赫赫有名的和珅。和珅制造出了什么麻烦？面对聪明狡猾的和珅，宋宁曦用了什么方法？让我们拭目以待吧！",陈京,http://www.iqiyi.com/v_19rrag26wg.html,国语/网络大电影,635113500
程紫城/镘熙/李沛槿/楚人勤,超凡校草1贴身校花的秘密,"这是一个关于大学生的奇异故事。具有超能力的华明轩被校花赵梦洁暗恋，校花几次主动表白，都被冷傲的华明轩拒绝；一次偶然的机会，华明轩遇到一位同样具有超能力的少女，由此牵扯出了自己的来历身世和少女背后的神秘组织......",楚人勤,http://www.iqiyi.com/v_19rrb461w8.html,科幻/青春/国语,644163700
徐涛/冯壁睛/阿里亚/李桢/张哲,弑神之英雄觉醒,"上古时期，人们发现滥用超能力只会给世界带来破坏与毁灭，西方的神族大战，中方的逐鹿之战，让这个世界残破不堪，于是，正义的超能力者开始联合起来，镇压了邪恶的超能力者，将其封印，炎帝黄帝共战蚩尤便是其中一例。封印蚩尤后，炎帝一族和黄帝一族达成协议，再也不使用超能力，并封存用晶石铸造的神器，将和平与简单还给这个世界。转眼又是千万年过去，黄帝部落出现了一个叛徒，他想重新找回这些晶石，打造一批属于自己的超能力战士，夺回这个世界，清洗所有人类。一个巨大的阴谋正在笼罩这个世界，正义的超能力者将会应劫而生，神力觉醒，一场大战，在隆隆的雷声中，即将到来……",张哲,http://www.iqiyi.com/v_19rrae9yvk.html,喜剧/动作/魔幻,621664700
艾伦·奥特瑞/黛伯拉·本森/特德·科特切夫,达拉斯猛龙,"故事围绕着一支职业橄榄球队——北达拉斯队展开。全队上下，从队员、教练到相关的工作人员，都认为尼克·诺特是最棒的球员。他不仅技术好，而且聪明伶俐，脑子灵活。可是球队老板却不喜欢他。对他们来说，聪明过人的尼克无疑是一匹“害群之马”。因此，球队总是想找个听话点的人来代替他。可是对于尼克和他的好友迈克·戴维思而言，橄榄球是他们生活的全部。他们必须为之尽力拼搏，尽管这会影响到他们在球队的前途。影片的最后是球队联盟决赛的四分之一场，北达拉斯队的对手是芝加哥队。在这个紧要关头，虽然尼克仍面临着被开除的危险，而几个对友也在比赛中重伤，但一切都已经变得无关紧要。此刻他最大的愿望就是能全取六分。他真的能做到吗？",特德·科特切夫,http://www.iqiyi.com/v_19rrb4vsxw.html,美国/喜剧/英语,643285800
李健仁/聂海熙/缪骏,杀手如花,"混迹于婚庆行业、心怀电影梦的邹凯，无意中目睹了斧头帮的残忍内幕，从此引火烧身、无路可逃。斧头帮老大洪爷即将对他痛下杀手，情急之下，邹凯谎称认识洪爷正在找的神秘人——杀手如花。于是，心怀主角梦的“死跑龙套的”李昂，被邹凯以拍电影名义拖上贼船冒充“杀手如花”。真正的杀手如花却主动找上门来！谎言如雪球越滚越大，时时濒临崩溃边缘！经历几次死里逃生后，邹凯等人不忍再继续欺骗向李昂坦白真相，获得了他的原谅。最终斧头帮与真的杀手如花火拼覆灭，邹凯、李昂一行人劫后余生。",聂海熙,http://www.iqiyi.com/v_19rra97gss.html,喜剧/动作/国语,579581600
丁海峰/黄海冰/郭冬临/张艺军,校园流星雨,"华盛高中新生苗稀单、华方、顾伟泉和马金良被发配到了著名的学渣宿舍518，四个学渣遭遇了各自青春期的问题，在友谊、师生情谊的感召下，他们慢慢蜕变成长。从各自的学渣生涯中变为勤学奋进的好学生。",张艺军,http://www.iqiyi.com/v_19rrave7vg.html,爱情/青春/国语,658641200
朱子丹/谭迪凡/安爻乂/李雨哲/杨雪儿/朱奕舟/宋维华,除恶记,"“清河四美”，乃是清河县城家喻户晓的美人。在一次出门卖烧饼之时，大郎偶然间邂逅了四美之一的清莲，并对她一见钟情，在兄弟二郎的帮助下，得偿所愿，另一边，二郎与雪儿两情相悦，互生爱慕，却被上官官人从中阻挠。上官官人一方面贪图于雪儿的美色，另一方面也对同为清河四美的清莲与金雯心生觊觎。于是，上官设计将金雯与清莲的夫君陷害，并借生辰纲丢失一事欲除掉二郎。在深哥的帮助下，二郎保得性命，杀回清河县城，而另一边，面对上官伸来的魔爪，清莲等人明里嫁入豪门，暗中却盗得城防图交于深哥。最终，在清莲等人的牺牲下，二郎大仇得报。",秋小木,http://www.iqiyi.com/v_19rraox9ts.html,爱情/国语/网络大电影,620545900
钟小丹/郑仕明/李虹,我们村的女当家,"这是一个山村女村长带领村民建设新农村的影片。十几年兰书记带着乡亲们一起努力发展苗木带动群众种苗养家，在国家的帮助成了远近闻名的最先达到小康水平的和谐村。十几年间她从妇女主任到村主任，因为受到村民爱戴连任了好几届村长，最后她主动弃权才换了人，后面大家又都推举她当我们村的书记就这样一直当到现在，兰书记是我们村的主心骨，有她在大家就能够团结一致，大家都信任她愿意听她的。",李虹,http://www.iqiyi.com/v_19rrb7e9e4.html,国语/网络大电影,639004000
王磊/海宁/赵星宇,新西游之意外晶喜,"为解决现代社会出现的种种问题，如来命唐僧师徒重返人间，再取新经，解救世人。下凡之后，千年的变化让师徒四人分外惊奇，刚刚出现在人间就被当做街头cosplay，非常狼狈。在师徒准备开始踏上新的取经之路前意外发生，孙悟空的旧情人白晶晶突然带着三个闺蜜出现，要为腹中的孩子寻找爸爸。师徒四人均矢口否认。为了找出真凶，如来为师徒四人设下四重考验。在每一关的考验中，师徒四人笑料百出。而在比赛的过程和结果中，也从独特的视角揭示了一些现代社会问题，如刷脸，拼爹，贪污腐败等，从人性的角度去加以解读，给观众以共鸣和全新的启示。而孙悟空和白晶晶也随着比赛的进程，对于爱情有了新的领悟，明白了爱人的幸福远远比事实的真相更重要。",赵星宇,http://www.iqiyi.com/v_19rr9dujo4.html,喜剧/国语/吐槽,564545400
潘安/单晓枫/陈晶晶,成为顶级明星的前一天,"演员鹿汗风头正茂，在聚光灯下，参与电视节目，享受观众欢呼，在出行的路上，被记者与粉丝环绕，要回答各种大家备受关注的问题，直到有人问他成功的秘诀，是否来自一个传家之宝，他陷入了沉思。",单晓枫,http://www.iqiyi.com/v_19rrb43sf8.html,喜剧/国语/荒诞,644077000
单思杰/刘冬艳/黄磊,阴阳魔师,"马小飞接受眼角膜手术后重见光明，来到了一所新的学校，同桌司徒晓晓漂亮可爱乐于助人，和马小飞很快成为了很好的朋友，于此同时他发现自己的身体发生了奇妙的变化.......",黄磊,http://www.iqiyi.com/v_19rrb618gw.html,喜剧/魔幻/国语,641025100
宋祖德/刘信达/刘信达,相亲风云录,"玩世不恭喜欢美女的富二代王撕葱，因一次记者采访冲出重围而没有见助理刘更新，便怨恨在心，惩罚刘更新后，被惩罚后的刘更新想讨好王撕葱便投其所好，想尽办法介绍各种美女给王撕葱结识，偏偏弄巧成拙，介绍的是一个比一个奇葩后，在一位老太太的教育下开始有点顿悟，在刘更新的建议下开始做慈善捐款，在一次慈善捐款考察中被支教老师宋老师的真善美所感动，对其萌生爱意，宋老师在了解王撕葱躲藏真相后，两人爱意绵绵，漫步街区，最终王撕葱决定和宋老师一起去山区支教。",刘信达,http://www.iqiyi.com/v_19rrb65xks.html,喜剧/国语/网络大电影,641080400
王雷方/巴萨/金玲/贾真,使命营救,"一个特工小队在中国边境出发，做好了胜利的准备，抓获了正在和丛林深处黑衣人（神秘的国际倒卖枪械组织，设定名称AIC，CIA的反称）国际毒贩和拯救被绑架的中国富商，然而却中了黑衣人的圈套，导致了副队长的牺牲，自责的队长马峰退出了特工组，过起了浑浑噩噩的生活；十几年后带着仇恨而来的恐怖组织头目汤加和当年的黑衣人合作，盯住了马峰和他的女儿马小洁，故事由此开始。",贾真,http://www.iqiyi.com/v_19rraibufc.html,动作/犯罪/国语,630587300
岑树锋/周洁仪/段尧/朱彩敏/岑树锋/林志伟,住在隔壁的女孩,"梁凯欣因为工作调动而搬家，却无意中遇见了屌丝邻居陈浩林，本来两个世界的人因为工作的关系而有了接触，慢慢相处下来，梁凯欣发现，这个屌丝邻居陈浩林也并没有自己想像中那么坏，并对他慢慢产生了感情，但好景不长，在短暂甜蜜过后，她却不知道，其实陈浩林一直在隐藏着自己的那件事情，终究还是发生了，于是她开始寻找浩林，而浩林最终还是选择了离开，在离别之际，通过浩林留下的vcr，她选择了释然。故事的最后，其实他们都是浩林为了搞定生活中的奇葩客户而临时就地取材并结合自身编造的一个爱情故事，而梁凯欣，和他们发生欢乐的一切，都是这家咖啡店的顾客",岑树锋,http://www.iqiyi.com/v_19rrbd1ulc.html,悬疑/国语/纯爱,646356300
J.B. Smoove/詹妮佛·库里奇/Reg E. Cathey/罗伯特·沃恩/旺达·塞克丝/路易斯·CK,盖世傻侠,"普迪是一个超级英雄，他走路的样子酷极了，讲起话来又是那么谈笑风生、滔滔不绝，他是每个女人朝思暮想的那种男人。普迪是所有孩子们心中的一个英雄和偶像。每个人都很敬佩普迪，除了那个生产香烟、酒、快餐的莱克特公司的老总——可恶的迪克-莱克特。普迪那酷呆了的决心和力量能在与迪克-莱克特和他的员工们的较量中占上风吗？",路易斯·CK,http://www.iqiyi.com/v_19rrojc060.html,美国/喜剧/动作,369240500
闰土/蘑菇头/陈翔/腿腿/毛台/陈翔,陈翔六点半废话少说,"李大葱是一家创业公司老总，主营业务是科技创新，实则通过一些华而不实的科技发明来骗投资人钱。李大葱春风得意，大事一件接一件让李大葱的生活节奏被填满，都快忘了自己收到一个奇怪的钟这事儿。李大葱收到了一个快递，快递里是一个古怪的挂钟，这个挂钟在大葱说话的时候会倒着走，不说话的时候停住不动。这时候，李大葱又遭到的前女友小依的追求者阿东各种冷嘲热讽。此时，事业上又出现问题，被骗者找上门与之纠缠。爱情的不顺，事业受挫，再加上奇怪的钟表，扰乱的李大葱精疲力竭。最后在处理完自己的公司事务和父子之情之后，大葱在钟前面对死亡，然而事情并没有那么悲观，一个神经病的出现让故事出现了转机...",陈翔,http://www.iqiyi.com/v_19rrb9xito.html,喜剧/国语/网络大电影,651781600
王一霏/白星杰/陈京,D+怪医,"前世，因太平公主对身材不满，大臣（杨过前世）献上神奇古玉—神医华佗之物，此玉具有静心、养神等功效，帮太平公主实现了丰胸的梦想。兵乱之后，古玉不知所踪。今世，拍卖会上，马涛与方天佑争夺古玉拍品，马涛将其送给杨过。古玉依附杨过后使其拥有了降服人类心魔的超能力，同时对于各种因外在形体美所造成的心理问题，杨过一一见招拆招，提倡自信、天然美；并在此期间与张蓉这样的科学派产生了各种欢喜桥段，后来杨过与张蓉互生情愫。另一方，方天佑觉察到古玉的神奇能力，派出小妮子和各路人马对杨过、张蓉进行阻挠、迫害，争夺古玉。时值该市胸模大赛之际，方天佑绑架了张蓉要换取古玉。杨过最后将古玉交给了方天佑，救出张蓉。",陈京,http://www.iqiyi.com/v_19rrb5hrkg.html,喜剧/魔幻/国语,642195900
朱子丹/谭迪凡/安爻乂/李雨哲/杨雪儿/朱奕舟/宋维华,除恶记（川话版）,"“清河四美”，乃是清河县城家喻户晓的美人。在一次出门卖烧饼之时，大郎偶然间邂逅了四美之一的清莲，并对她一见钟情，在兄弟二郎的帮助下，得偿所愿，另一边，二郎与雪儿两情相悦，互生爱慕，却被上官官人从中阻挠。上官官人一方面贪图于雪儿的美色，另一方面也对同为清河四美的清莲与金雯心生觊觎。于是，上官设计将金雯与清莲的夫君陷害，并借生辰纲丢失一事欲除掉二郎。在深哥的帮助下，二郎保得性命，杀回清河县城，而另一边，面对上官伸来的魔爪，清莲等人明里嫁入豪门，暗中却盗得城防图交于深哥。最终，在清莲等人的牺牲下，二郎大仇得报。",秋小木,http://www.iqiyi.com/v_19rraox4ys.html,爱情/国语/网络大电影,620552200
威廉·达福/罗燕/石修/丁一/严浩,庭院里的女人,"1938年，日军的铁蹄蹂躏中华大地，而江南水乡的吴府却宛如立身桃花之源，过着与世隔绝的安逸生活。吴府女主人吴太太40岁寿宴那天，其好友康太太难产，命悬一线。吴太太匆匆赶往好友处，在此偶遇孤儿院的洋人医生安德鲁。安德鲁不顾中国传统观念的偏见，用西洋艺术将康太太从死神手中夺回。不久吴府请安德鲁为少爷吴凤慕传授西学。凤慕同情爱慕父亲的小妾秋明，但父亲以为其定下康家的小姐为妻。凤慕每天闷闷不乐，而吴太太却和安德鲁在授课中逐渐为对方所吸引。这两对人的恋情将何去何从……",严浩,http://www.iqiyi.com/v_19rragjeos.html,爱情/战争/国语,633855600
刘梓晨/昕昕/图图/杨可/王溪鹭/赵晖,梦想公寓,"刘梓晨签约NXY经纪公司后入住网红公寓，与公寓内另外五名风格迥异的网红女主播发生了一系列啼笑皆非的故事。为了争夺公司最高人气主播的位置，刘梓晨不惜与其他几位网红“勾心斗角”，不仅舌战群儒还把女孩儿的秘密悉数曝光。众人为了对付刘梓晨这个“蛇精男”也同样绞尽脑汁、斗智斗勇，将网红公寓闹得天翻地覆。在经历了整容失败、枕头大战、误闯碟仙阵、劫匪绑架等意想不到的“灾难”后，网红们该何去何从？是顺从“规则”？还是坚持自我？",赵晖,http://www.iqiyi.com/v_19rrajasqk.html,喜剧/国语/网络大电影,629939600
姚锐/赵智芳/宋金阳,开心鬼闯江湖,"因车祸去世的苏小沐，本应归于尘土，却因放不下自己的三个闺蜜，不肯轮回转世，默默守护在她们身旁。一直相安无事，直到尹杰溪的出现，尹杰溪是闺蜜公司新上任的部门经理，严肃高傲的他上任第一天就拿三个闺蜜开刀，痛斥她们业绩水平糟糕。看到三个闺蜜受了委屈，苏小沐遵循帮亲不帮理的原则，决定给尹杰溪点苦头吃，合同上出现卡通画像、热水倾头而下、半夜突然现身……制造一系列乌龙事件，让尹杰溪的工作与生活再无安宁",宋金阳,http://www.iqiyi.com/v_19rr9uip68.html,喜剧/国语/纯爱,603129500
岳云鹏/袁姗姗/孙坚/马元/石小满/郭德纲/潘斌龙,疯岳撬佳人,"性格怯懦的李帅亭自大学时期起，一直暗恋自己的女同学张子墨。在他鼓起勇气告白后却惨遭当众奚落，使得本就不够自信的李帅亭更加自卑。随后李帅亭“躲”进一家高端养老院当起了护工。六年来，李帅亭悉心照料植物人老朱，在一次意外事件之后老朱因祸得福恢复了意识，并给予李帅亭一笔丰厚的奖金。李帅亭拿着这笔巨款来到一个叫做“爱情战略中心”的地方，要求爱情战略师帮自己完成一个心愿——让女神张子墨向自己表白......",钟少雄,http://www.iqiyi.com/v_19rrbb0lyc.html,爱情/喜剧/国语,649245000
王越/葛萌/乐乐/辛肖飞/鱼哥,超能学渣,"夏洛特拥有着只有在极少一部分青春期的少年少女身上诱发产生的罕见特殊能力，依靠这份超能力度过了一帆风顺的学园生活，经由与神秘少女天羽和梦洁的邂逅，揭开了拥有特殊超能力者们身上的宿命，拥有超能力的夏洛特，可以在五秒之内，夺取任意对象的身体”这一特殊能力，并依靠这种能力，以优等生的身份度过学生生活的夏洛特，刚上大一的夏洛特和韩于轩同时喜欢上了校花天羽，韩于轩看到夏洛特与自己喜欢的校花天羽搭讪，很生气，找来同伴想要教训一下夏洛特，不料反被夏洛特从气势上压倒了自己，韩于轩气急败坏，同伴出主意让韩于轩找混黑道的叔叔（眼镜蛇）帮忙修理一下夏洛特，眼镜蛇派人去抓天羽，夏洛特营救天羽并与眼镜蛇势力大战一触即发。",鱼哥,http://www.iqiyi.com/v_19rrag0fo8.html,科幻/青春/国语,634933300
陈乔恩/李保田/孙艺洲/马元/周秀娜/安战军,北京时间,"“海归”富二代、青年建筑设计师王小莫本想入职后大显身手，却被公司分配照顾已经离退休的、患有脑瘤疾病的老劳模时长工。面对对待自己横挑鼻子竖挑眼的爷爷辈的老劳模，王小莫和女友洋相百出、历尽“磨难”，但俩人同时也对时长工的感情经历产生了好奇和“一探究竟”的兴趣。进而竟发现了年轻时的时长工与留苏技术员薛亚兰在人民大会堂工地上发生的一段旷世绝恋…",安战军,http://www.iqiyi.com/v_19rraxeb18.html,爱情/国语/纯爱,655863600
安宇/吴品醇/陆敏雪/赵杨,帅位,"《帅位》是由北京拾陆毫米影视制作有限公司、军光传承（北京）影视文化有限公司发行的剧情电影。该片讲述了荣北极与海外归来的昔日大院子弟雷子，为一枚“棋子”帅斗智斗勇并接连产生黄昏恋、跨国恋的爱情故事。",赵杨,http://www.iqiyi.com/v_19rrba8dxw.html,动作/犯罪/国语,652139000
娜丁·维拉兹盖兹/谢默·摩尔/比尔·贝拉米/Youssef Delara,情感大师,"马修·泰勒在经历了十年婚姻之后的失败结局，决定将过去的一切和前妻朱莉遗忘，并把自己这套走出过去阴霾的方法写成书——《情感大师》，从而取得了不小的成功，但朋友兼经纪人的特里为了让《情感大师》成为最畅销书籍，决定让马修先参加所有能参加的地方台节目，并举办《情感大师》的研讨会，最终打入国家知名的电视节目来宣传书籍。马修就是在一次研讨会上，遇到了与他对待情场失意截然不同意见的心理咨询师，克莉丝汀·佩拉尔塔。",Youssef Delara,http://www.iqiyi.com/v_19rrba7rmc.html,美国/爱情/英语,652094200
白百何/文章/张嘉译/张子萱/郭京飞/王耀庆/滕华涛,失恋33天,"高端婚礼策划师黄小仙做梦也想不到，相恋七年的男友居然和自己的闺蜜走到了一起，这让一向刻薄强势的她无论如何也不能忍受。可是地球并不会因为某人的失恋而停止运转，黄小仙在面对情感失意的同时，还不得不面对工作上的压力。但是，在没有了爱情的这段时间里，黄小仙发现了很多以前根本不会去注意的东西，例如那个总是与自己针峰相对的娘娘腔同事王小贱并没有那么讨厌，例如钻石王老五与河南籍港台腔女子的结合到底是什么原理，还有如何走到金婚的秘诀。在明白了种种之后，也就是在黄小仙失恋的第33天里，在那个灯火阑珊的城市里，她发现“那人”其实一直伴她左右…",滕华涛,http://www.iqiyi.com/v_19rraxhwy4.html,爱情/喜剧/青春,655900000
胡军/余男/凤小岳/秦昊/李梦/刘佩琦/曹可凡,上海王,"电影讲述了20世纪初上海滩十里洋场、黑帮势力的角逐纷争。纷杂乱世中，奇女子筱月桂与三代上海王之间充满传奇色彩的爱恨情仇。在妓院做丫头的乡下女孩小月桂，“个高、胸大、没裹脚”，让老板新黛玉很不满意，却深得洪门老大常力雄欢心，成为一代上海王的女人。常力雄在与同盟会代表黄佩玉接触过程中被暗杀，小月桂孤助无援，产女后流落乡下。历经数年艰辛，小月桂成立滩簧班子，重返大上海，在第二代上海王黄佩玉帮助下，成为“申曲名伶”筱月桂。功成名就的筱月桂从没忘记要寻找杀死常力雄，也就是她女儿父亲的凶手。当她发现自己爱上黄佩玉时，也证实了“洪门内奸的真正身份”......她与常爷的前跟班余其扬合谋除去内奸，助余其扬成为洪门第一个银行家，新的“上海王”。",胡雪桦,http://www.iqiyi.com/v_19rraxnjec.html,华语/爱情/动作,656162200
崔航/李若宁/郑冬/闫志强,萌宠特工队之致命病毒,"跨国私企总裁的公子李峰，从小喜欢狗，陪伴他长大的宠物狗离奇死亡后不顾家人的反对回国开设了一间名为“萌宠特工队”的宠物侦探所，但他心里始终隐藏着一个不为人知的秘密，随着萌宠特工队的壮大,秘密逐渐揭开...",闫志强,http://www.iqiyi.com/v_19rrahfe4k.html,动作/悬疑/国语,633084200
神乐坂惠/池田优斗/森康子/园子温,悄然之星,"这是关于一名穿梭在银河系之间配送的女性人形机器快递员的故事，大部分时间女主角都一个人孤独地航行在茫茫的宇宙中，是一部特别不“园子温”的园子温作品。作为公认的鬼才导演，园子温曾拍摄了大量充满暴力、情色元素的小众影片，如此安静的电影似乎很难与园子温这个名字联系在一起，不过充满想象力的设定又让人忍不住期待。、",园子温,http://www.iqiyi.com/v_19rrba3zgc.html,科幻/日本/日语,652082000
,电影梦一场,盘点最新娱乐资讯，解析经典影视作品。戏里戏外，如梦似梦。,,http://www.iqiyi.com/a_19rrha2izx.html,/华语/爱情/战争/喜剧/科幻/恐怖/悲剧/惊悚/魔幻/悬疑/犯罪/奇幻/国语/2017-04-17期,654321400
何润东/黄子韬/古力娜扎/王学圻/秋瓷炫/高捷/师鹏,游戏规则,"李子豪与方杰历经多次血雨腥风，逐渐成为生死兄弟。不料，方杰爱慕已久的对象—唐先生的爱女唐芊芊，却对李子豪一见钟情，而李子豪此时却也发现心上人蓝若云，在自己被捕期间成了唐先生的情妇。唐先生为称霸上海滩，布下惊天骗局，而这个骗局里最重要的一环就是李子豪。可唐先生并不知，李子豪的真实身份是暗杀组织蓝衣社成员。唐先生最终查出子豪的真实身份，两人正面对峙，一声枪响，最终倒下的是谁？方杰会作何选择？芊芊又怎么面对父亲和爱人的生死之斗……",高希希,http://www.iqiyi.com/v_19rrbbuvns.html,动作/国语/院线,648545700
许冠杰/麦嘉/张艾嘉/陈令智/陈星/曹达华/古嘉露,最佳拍档,"飞贼黑猫抢夺国际犯罪组织的钻石后借助多种工具溜之大吉，黑猫在现场遗留的白手套让香港警方误认为作案者是国际大盗“白手套”，警方请到追捕白手套多年的美国光头神探查案，并派出干练女警何东诗协助。另一方面，钻石主人——意大利黑帮要求白手套正身抵港取回钻石。　　光头神探与黑猫不打不相识，威逼利诱之下，黑猫决定协助神探拿获白手套。三人小组为找回遗失的钻石盲打误撞惹来连串麻烦，黑猫终于拿到钻石之际，潜伏的白手套也同时出现了……",曾志伟,http://www.iqiyi.com/v_19rrmy61d8.html,华语/喜剧/动作,281760000
武家辉/柯柏龙,幻影谜心,"电影导演李大志由于之前拍摄的几部电影相继票房失利，事业陷入低谷。在朋友的帮助下他找到了新电影的投资，可投资商却对他提出了一系列不离谱的要求。在他面临两难选择的时候，他意外发现这一切居然都是假的的故事……",柯柏龙,http://www.iqiyi.com/v_19rrbbqz08.html,惊悚/悬疑/国语,648543700
释行可/蒋希希/李奇龙/蔣昕芯/释行可,狼族觉醒之夜狼,"本文讲述了千年前为了维护人狼两界的和平，人类守护者和狼人首领签订合约互不侵犯，谁知千年后，迅速崛起的血狼族为了抢夺狼族令牌统领狼族开始残杀同类，夜狼族也未能幸免，但夜狼被迫逃到人类领地，在都市夜狼遇到善良的白雪，慢慢的白雪对夜狼心生好感，好景不长，血狼族的血狼为了得到夜狼手里统治狼族的令牌开始派出3大杀手到城市寻找夜狼，守护人类和平的猎人发现狼人越界，便和妹妹出山，城市里血狼族发现夜狼把夜狼从白雪家引出，并派出黑狼绑走白雪，夜狼在与血狼杀手交手的时候猎人出现，在此过程中猎人的妹妹被三大杀手的青狼杀死，夜狼反应过来回去发现白雪已不见踪影，后猎人也与夜狼结盟一起重返森林与血狼族展开了一场惊天对决。",释行可,http://www.iqiyi.com/v_19rraibxmo.html,动作/魔幻/国语,630574700
吴亦凡/林更新/姚晨/林允/包贝尔/巴特尔/杨一威,西游伏妖篇,"作为《西游降魔篇》的后继故事，唐三藏在上集感化了杀死段小姐的齐天大圣，并收其为徒后，带着孙悟空、猪八戒及沙僧，一行四人踏上西天取经之旅，路途凶险，除魔伏妖，师徒四人也在取经的过程中有个各自的成长与改变。",徐克,http://www.iqiyi.com/v_19rr9tq5fg.html,华语/喜剧/动作,589261200
高良健吾/尾野真千子/池胁千鹤/高桥和也/吴美保,你是好孩子,"冈野匡立志成为一名传道授业解惑的教师，在完成了相关学习之后，他进入了樱丘小学，开始了他的执教生涯。一晃眼两年过去，曾经火热的理想还历历在目，然而苍白的现实却时时提醒着冈野，他似乎离自己的理想越来越远。丈夫外派公干，年轻大妈妈水木雅美独自抚养着年仅三岁的女儿。在外人看来，雅美是一位完美的母亲，她耐心、温柔、开朗、善良，和其他的妈妈们相处十分和睦。可是，每当回到家中，每当女儿不小心做了什么错事或者仅仅是让她看不顺眼之时，愤怒的拳脚都会毫不留情的落在孩子小小的身躯之上。曾经，雅美亦是家庭暴力的加害者，如今，身份已然调换，可是悲剧再度上演",吴美保,http://www.iqiyi.com/v_19rrbdbgpw.html,日本/日语/家庭,646952200
叶思齐/袁安琪/张晖/陆春伟,盗爱时空之笨贼也疯狂,"影片讲述了从文革时期穿越过来的三个笨贼和冰冻人复活的故事。万圣节三个劫匪扮成吸血鬼抢劫金店，误切断整条街电闸，致使科研所从冰川运来的清代冰人黄飞白苏醒过来，并一起阴差阳错的进入了狐妖演艺吧。在演艺吧，冰人黄飞白撞见了为筹钱给弟弟治病，外形和自己当年钟爱的紫薇2号格格一模一样，却卖艺不卖身的钢管舞女郎胡丽丽。同时黄飞白又将扮成僵尸的演艺吧演员老酒误当成皇上大礼参拜。期间各种错位和碰撞，爆笑不断。明争暗斗中，劫匪手中的金子转手到了胡丽丽手中，同时，科研所为了找回冰人，悬赏20万寻找线索。于是，黄飞白一面要对付穷凶极恶又无比愚蠢的劫匪，誓死保护胡丽丽，一面又要面对老酒等人对自己虎视眈眈...",陆春伟,http://www.iqiyi.com/v_19rraa52hw.html,喜剧/国语/网络大电影,627301000
,老冯新片热评,最新最热的电影点评，老冯只说有根据的话，吐负责任的槽，评有价值的片，打不出格的分！,,http://www.iqiyi.com/a_19rrha1aox.html,/华语/爱情/战争/喜剧/科幻/恐怖/动作/动画/悲剧/惊悚/魔幻/青春/枪战/悬疑/犯罪/奇幻/家庭/国语/2017-03-15期,634496800
明俊臣/李梣溪/祝涛/钟艺/周军,殷商传奇之再生缘,"某地产工地发现了一处殷商时期的炼丹室遗址，考古研究者梅叶箫带领团队研究出土鸮尊中的神秘丹药，地产集团总裁伍尔夫觊觎丹药多时，屡次派人对梅叶箫下手，均被女记者林曼所阻碍，由此引出了千年神秘丹药的秘密……",周军,http://www.iqiyi.com/v_19rradzom4.html,爱情/动作/惊悚,621022000
凌紫沫/赵文俊/吕孜妤/白云/纪海星/安瑞/Derek B,魔法高校,"本片讲述了人类少女顾雪妮娜，年幼时在一次事故中被邪恶力量炎魔缠身，命运开始偏离平凡的轨道，邪恶力量导致怪象作祟致使亲友误解与疏远，也使妮娜变得孤僻消极。为摆脱邪恶解开困惑，机缘巧合之中妮娜因神秘校长指引来到魔法学院，通过魔界高层的帮助和引导，在魔法世界开始接受全新的学习和磨练。妮娜作为唯一的人类倍受排挤，在寻找答案的过程中精灵族小艾成了最贴心的死党让妮娜重拾友情，也因血族王子暗中保护与外冷内热的闵哲暗生情愫……一切好似步入正轨，但随着身边的老师和学生不断消失，一个惊天秘密正拉开序幕，黑暗势力虎视眈眈，解救魔界的关键竟是妮娜……",安瑞,http://www.iqiyi.com/v_19rrb60oxw.html,魔幻/青春/国语,640853800
李孟羲/陈永胜,好哒主公之邪灵之魄,"影片讲述了天赋异禀的侦探少年coser沈梦，卷入了第四次科技革命后，拥有了不可思议的身体神奇变化，而同宿舍的校草coser云笙却一夜之间变成了女儿身。为帮助云笙蒙混过关，沈梦佯称云笙是自己的女仆。偶然下，两人发现了获得超能力的coser们正在被黑暗势力追捕，而这时他们却收到当代最伟大科学家金·爱因斯博士的求救信。相得益彰的两人运用自身的超能力，对此次科技变革发布会进行深入调查，却发现了惊天的秘密……",陈永胜,http://www.iqiyi.com/v_19rrbawakg.html,动作/魔幻/青春,649176300
芦伟/傅晓莉/芦伟,备胎逆袭战,"专业跑龙套的杜子腾，在一次拍戏演死尸时，偶然救下割腕自杀的白晴，此后杜子腾便于白晴相识并爱上白晴，白晴的好友丽菲隐瞒自己已婚的事实并出轨白晴的男友刘产，白晴的男友并不知丽菲已婚出轨丽菲，而丽菲将刘产当做自己备胎，刘产又将白晴当做备胎，白晴又将杜子腾当做备胎，此时爱上白晴的杜子腾，会在这场备胎战中，如何逆袭呢？",芦伟,http://www.iqiyi.com/v_19rrb7szbs.html,爱情/国语/网络大电影,637592500
安德斯·巴斯莫·克里斯蒂安森/加斯帕·克里斯滕森/卡尔·马克维斯/图娃·诺沃妮/Erik Poppe,国王的选择,"1940年4月9日，德军兵临奥斯陆，挪威国王面临着一个艰难的选择，这将永远改变他的国家。",Erik Poppe,http://www.iqiyi.com/v_19rrba45mk.html,其它/战争/4K,652074000
梁晓宇/赵婷/刘昱辰,日囧,"御宅一族的小演员田秉秀有两个梦想，一个是做好一名临时演员，一个是找一位日本和服女孩当媳妇。这在他人看来有点痴人说梦——他连自己都养活不起而且对日语一窍不通。直到有一天，秋叶子的出现和离开彻底的改变了他的生活轨迹，他终于踏上了去日本的追爱旅程。一路上他斩杀了各种牛鬼蛇神，最终来到了自己心爱的女神身边，而迎接他的事实真相令他兴奋又崩溃……他能否成功通关，将小萌女秋叶子娶回家呢？",刘昱辰,http://www.iqiyi.com/v_19rr9hx3bs.html,爱情/喜剧/国语,541987700
尚文答/郭月/钱入富/宗渺渺,天真人类,"电台主播小岛被安排去主持一档专门为听众解决问题的热线节目，而他本身是个不喜欢表达意见的人，他想不明白到底什么样的听众会需要一个陌生的凡人来开导自己并帮自己的人生做决定。他让助理小米给自己准备了一个写满百搭鸡汤句的笔记本，主持节目时经常翻到哪句念哪句，竟然也都天衣无缝，有时他甚至会对听众说：“给我打个电话你就能豁然开朗了？我要有这本事都能拆庙了。这位热心听众，你为什么不干脆去喝个烂醉？”直到有天他被一个单纯热情的听众找上了门，以及遭遇了天真活泼的女邻居之后，小岛这种青年倦怠期的迷茫生活，才终于有了一点点改变……",宗渺渺,http://www.iqiyi.com/v_19rrb7vyvo.html,爱情/喜剧/国语,637715000
陈衍利/大虹/李秉润/夏云凯,北海夜行,"童晓齐和林苃苃是一对初中时就在一起的情侣，他们租住在北海公园边的一个破旧的小平房里，他们约定将在结婚的时候把彼此的第一次献给对方。林苃苃是个宅女有个能出版自己漫画的梦想，平时帮报刊杂志画插画赚取微薄的稿费，一日林苃苃意外的收到一封出版社的邀请信，经过几经碰撞认识了出版社的老板这个改变她人生。。。。童晓齐得知自己的女友被人强暴，从此这份看似纯洁的爱情变得更加现实，虐恋。几人彼此的内心也发生了巨大的变化，他们几人在北海夜行的故事里各自寻找着、迷失着、压抑着、释放着......",夏云凯,http://www.iqiyi.com/v_19rraenmqg.html,爱情/青春/国语,636952500
沃伦·比蒂/莉莉·科林斯/Alden Ehrenreich/亚历克·鲍德温/泰莎·法梅加/沃伦·比蒂,打破陈规,"影片讲述了一个发生在1958年的“打破陈规”的爱情故事，故事中一位虔诚的基督教徒与同样保守的汽车司机发生了一段缠绵的爱情，是一部纯粹的喜剧，并非休斯的个人传记。",沃伦·比蒂,http://www.iqiyi.com/v_19rrb4nexk.html,美国/爱情/喜剧,642894900
朱盈盈/张俊杰/朱盈盈,双生刺,"《双生刺》讲述的是一个臆想世界里发生的双生之子相爱相杀的故事。童年的一场火灾造成双生子的天人永隔，也毁掉幸存者姣好的容颜。毁容的幸存者在现实生活中感受到了无尽的冷漠与嘲讽，让她产生了严重的臆想，催生了双重人格：一种拥有华丽的生活、完美的恋人、人人称羡如公主般的人生；另一种是社会的弃儿，食不果腹、流浪街头，卑微如乞丐。然而，如此种种皆是命运的捉弄，双重人生全属灾难的玩笑，在现实生活里，她只不过是精神病院一隅不被关注的患者，日日夜夜枯守苍白的灯和双生人生的虚幻。谨以此片警示社会的冷漠和对弱者的欺凌，希望能够唤醒人们摒弃歧视，关怀周围那些失去者的悲哀，用温暖呵护他们本已脆弱的灵魂。",朱盈盈,http://www.iqiyi.com/v_19rrb7a564.html,惊悚/悬疑/国语,638942400
张亚奇/梅子健/张笑千/江洪/陈耀祥,古宅惊魂,"小镇上有一座古老的宅邸，相传宅邸里藏有能治百病的“回阳紫雪”，但古宅机关重重，而且发生过各种灵异事件，从来没有人敢踏入半步。周灿金、李亦然、王鹏飞奇葩三人行为了嘱托，闯入了古宅......没想到在闯入古宅时，却有另外四姐妹暗中跟随，正所谓是螳螂捕蝉，黄雀在后......古宅里面机关重重，为了得到宝物，人性、真情、爱情在他们身上展现无遗......古宅奇宝“回阳紫雪”最终会落到谁的手里呢......",陈耀祥,http://www.iqiyi.com/v_19rraazdqg.html,悬疑/国语/网络大电影,626603300
艾伦/林佳陵/苗驰/黄妮娜/陈姝/郭祥鹏/周大勇,时间浪人,"一个现代花花公子楚留香，在与老情人浪漫约会中，老情人意外发现他在外边还有好多新情人，新老情人在伤心欲绝，爱之深恨之切的情绪下将楚推下山崖。幸运和蹊跷的是楚没有摔死，却莫名其妙来到战国时期的北赵边关，成为镇守边关的杜峰杜将军府里的一名奴才，而更蹊跷的是将军的唯一女儿杜鹃儿竟然不是亲生的，也是一个离奇来到古代的现代人，两人在陌生的古代产生了一段不可思议却命中注定，看似偶然却是必然的爱情，而正当楚留香刚从一个花花公子变成了痴情郎，隐藏在将军府里的致命的定时炸弹彻底轰散了这对苦命鸳鸯，他们的爱情一波三折，只是不知道最后两个人穿越千年的爱情经历会因恐惧而夭折呢，还是因坚贞而圆满",周大勇,http://www.iqiyi.com/v_19rraqn484.html,喜剧/魔幻/国语,617136200
潘登/王兴园/叶丽莹/恒苏/乔志勇/高素敏/张宇,缘定人生,"通过户外运动，艾宁无意中救起丁艳，两人通过进一步的相处，确立了恋爱关系。在爱宁和丁艳两个人坠入爱河，羡煞旁人时，突然地，丁艳对爱宁逐渐冷淡，爱宁不知道丁艳为什么会这样，爱宁质问丁艳，丁艳没有回答。丁艳就像消失一样。于是爱宁找到丁艳的闺蜜芊芊了解情况。芊芊也不知道怎么回事，一时间两人陷入感情旋涡。突然有一天，芊芊来到家里，告诉爱宁，丁艳在医院里。希望他能去看看丁艳，并且把实情告诉了艾宁，艾宁来到医院后看到了病床上的丁艳。两人注视着对方，忍不住流下了泪水。艾宁和丁艳举行了婚礼，可是命运的奇迹没有发生，只有爱宁一人带着对妻子的爱来到了他们理想的地方。",乔志勇,http://www.iqiyi.com/v_19rraiptbs.html,爱情/国语/纯爱,631238100
史元庭/任然/刘茜茜,神兽男友驯服记,"游戏女主播徐小涵的《盛世神兽》里的神兽大神陈希偷偷从手机里来到了她的世界！人形神兽赖皮幽默机智，与徐小涵斗智斗勇几次之后，两人感情逐渐升温。三个月后，有一天，偶然机会，小涵经过商业街区的大屏幕。大屏幕上正放着第二代神兽手游的面市。小涵站在大屏幕钱若有所思的看了许久，正准备离开时。跟神兽陈希相同的这款神兽出现在大屏幕上，居然朝小涵砸了下眼睛，他跳出大屏幕，在空中华丽转圈，说着“IAMBACK!”……小涵也是往事袭来，满心期待，眼眶红润……",刘茜茜,http://www.iqiyi.com/v_19rrbboino.html,喜剧/魔幻/国语,648395800
詹妮弗·安妮斯顿/本·阿弗莱克/詹妮弗·康纳利/布莱德利·库珀/肯·卡皮斯,他其实没那么喜欢你,"GiGi是个对爱情充满幻想的女孩儿，却在一次次约会中受挫。她的闺蜜Beth和Janine不断鼓励GiGi在感情中振奋起来，却各自对爱情怀有遗憾。Beth与Neil同居七年，却一直未能等来期待的那枚婚戒。Janine的敏感让她与Ben的婚姻陷入僵局，而Ben与歌手Anna的婚外情更是给他们的婚姻雪上加霜。Anna一边拒绝拥趸Conor的示好，一边热情似火的期待Ben离开Janine，可是Ben真的能离开Janine来到她的身边么？另一方面Anna的好友Mary在一个清晨和Conor面对面的不期而遇了。",肯·卡皮斯,http://www.iqiyi.com/v_19rraobaik.html,美国/爱情/喜剧,604806800
戎耀/靳庆玲/邸世元/李锐博/袁灵/范竞芝,妖夜奇谈,"王林是一家公司的老板，喜欢整蛊的他总是做一些奇奇怪怪的梦。在一个梦里，他梦见自己回到了一个陌生的校园，同事周迪变成一个有着奇怪癖好的穷小子学霸，整天研究倒卖一些奇怪的东西来支付自己的学费，在梦里变成和自己妹妹谈恋爱的公司员工牧野因为抢了周迪的奖学金，引来的周迪暗藏心机的报复，而报复的开始，是周迪买到了一个清代僵尸......在第二个梦里，王林喜欢整蛊的嗜好被放大，他和周迪每天的乐趣就是晚上在员工加班的时候玩整蛊游戏，但是这天夜里，他们的整蛊似乎有点过了，员工牧野和凌菲被吓跑之后，游戏似乎玩的有点大了......",范竞芝,http://www.iqiyi.com/v_19rraj6gcc.html,惊悚/悬疑/国语,629867600
陈琳/张嘉文/王汉祥/谢宛辰/蔡君爱,双面女主播,"普通的一名便利贴女孩在公司里受到上司兰姐及同事的欺凌，自己却不敢正面顶撞，只能在私底下让自己成为在网络上受人欢迎的网红主播，并结识了护花使者张小飞及花花公子杨绍楠，与杨绍楠相恋后才发现他是一个只会玩玩的富二代，最后提出分手，被经纪公司看中赴美受训半年回来成为一名万众瞩目的超级网红！",蔡君爱,http://www.iqiyi.com/v_19rrapnjg4.html,喜剧/青春/国语,617690200
辛祚宇/罗少谦/马英捷,玩命兄弟,"因现实无奈与女友小萱分手的车头，数年后依靠贩卖情趣用品为生却受邀参加小萱的婚礼。谁知婚礼前一天小萱被神秘人绑架，为了救回心爱的女人，他和好友锤子需要在二十四小时之内拿回曾经卖掉的劣质充气娃娃。可却因此落入一场精心策划的犯罪局中局，意外接二连三上演……",马英捷,http://www.iqiyi.com/v_19rrb7e808.html,喜剧/犯罪/国语,639001700
张小雅/赵天齐/阿海,未来星男友,"本剧讲述了三十世纪研发出来的星人类AX在实验室被秘密劫走，进入平行时空二十一世纪展开的一系列精彩冒险故事。离开实验室的AX拥有了人类的名字安辛，一个从实验室离开的星人类，从一开始无法与人类正常交流渐渐变得有血有泪，知道了什么是友情，亲情以及爱情。但是就在他以为可以像人类一样正常生活的时候，却不知身边的阴谋才真正开始。",阿海,http://www.iqiyi.com/v_19rrb6cmy0.html,爱情/科幻/国语,641541700
张贺/梁鑫/郭东旭,麻辣校花,"莫菲因为暗恋校草任浩，与转校生林书瑤产生误会，为保住自己在任浩心中的位置，计划把林书瑤打造成不良少女，并与校外街霸团伙“黑天使”产生激烈矛盾，莫菲与林书瑤在相处过程中，逐渐发现彼此身上优点，并忽略了任浩的存在。关键时刻，莫菲为了友情挺身而出，为搭救林书瑤铤而走险。",郭东旭,http://www.iqiyi.com/v_19rrb885r0.html,动作/青春/国语,638399600
王城钧/万昕/李嗣章/刘博/张威/赵雷/张旨璇,夜楼迷踪,"某小区1204住户男主人汪龙原本是某公司普通职员，因为与公司女老板熊楠楠谈恋爱修成正果，一跃成为公司副总。鲤鱼跳龙门之后的汪龙却趁着女强人老婆经常出差的机会，与公司美女职员李琳娜纠缠不清。熊楠楠听到风声，赶回家兴师问罪。不料，疑似出轨的老公汪龙却活不见影死不见尸地失踪了。他们的爱巢1204室在夜深人静时，现出异状，令身心疲惫的熊楠楠惊恐不已，就在危急时刻，她找来了公司的另一个男职员——自称精通法术，专门驱散、治疗诡异症状的大仙李贺给自己壮胆……",王嘉华,http://www.iqiyi.com/v_19rran9q44.html,华语/惊悚/国语,605183000
Gustave de Kervern/卡米尔·科坦/芬妮·贾尼尼/Sophie Reine,香烟和热巧克力,"即将失去抚养权的父亲，逼不得已成为模范父亲，用“坏”的方式教育女儿，笨拙又无条件。从不正常的家庭应对现代生活的反映，上升到了社会议题。有别于传统的法国喜剧，它毫无章法可言，这是可贵之处。男主角的个人魅力，为人物注入了日常生活中点点滴滴的真实。",Sophie Reine,http://www.iqiyi.com/v_19rrbc9l5w.html,喜剧/法语/家庭,647150600
聂荣鑫/姜怡冰/吴克刚/聂荣鑫,危笑时刻,"利刹集团是一个贩卖毒品的黑帮组织，这个组织头目名叫谭天赐，谭天赐为人狡猾，三番五次从警方手中逃脱，为了缉拿毒枭，忠队长向局长推荐自己的侄子叶鑫深入黑帮内部做卧底。叶鑫结识了黑帮底层的头目三哥，进入黑帮组织。在谭天赐的生日宴会上，叶鑫为救谭天赐而受伤，迅速获得谭天赐的信任。谭天赐为了顺利达成毒品交易，安排叶鑫进入警察局刺杀王局长。叶鑫第二次来到警局邂逅了一位年轻女警察杨冰，二人相恋。叶鑫警察的身份被谭天赐发现，在交易的那天警方决定逮捕贩毒团伙，谭天赐的手下白在叶鑫眼前开车撞向杨冰，叶鑫为了给杨冰报仇和白打斗，谭天赐趁机逃脱，经过苦苦追逐，叶鑫和忠队长最终抓获谭天赐，将贩毒集团一网打尽。",聂荣鑫,http://www.iqiyi.com/v_19rragtx0k.html,动作/犯罪/国语,634344200
楼云飞/万梓良/沈璐/文熙/邱晓军,爱情对赌,"方力和其父方子良因为觊觎毕哥家祖屋，和其提出一场爱情对赌。内容为：限定三个月内，毕哥成功帮助当地一富家千金萌萌走出感情隐瞒并且收获一段新的恋情为输赢。究竟谁赢谁输还未曾得知，文熙饰演的毕哥能够赢得方力，这一切都吊足了影迷们的胃口。而女主角贝贝至始至终从出谋划策到忍痛割爱也为她与男主角毕哥的爱情做了赌注。",邱晓军,http://www.iqiyi.com/v_19rrbdb710.html,爱情/喜剧/国语,646956600
王高明/陈圆媛/孔奇力/鲍天骄,重返一九九七,"单亲男主人公秦天，与母亲有着不可磨合的矛盾，导致关系破裂的，在与母亲激烈的争吵过后，秦天却意外的卷入了一场奇妙之旅。来到了他自己都没出生的年代，遇见了与自己年龄相仿的父母，为了篡改历史报复母亲，秦天绞尽脑汁阻止父母的相爱，却慢慢的在相处过程中，不经意的修补了与母亲的不合的关系，见证了父母青涩的爱情，也在这段经历中结识了一群兄弟好友，一同闯过许多奇幻的经历，对自己的身世有了更多的了解，真正感受到了父母的不易与父母对他的爱.....",鲍天骄,http://www.iqiyi.com/v_19rraicdac.html,青春/国语/纯爱,630562600
王亚飞/李子雄/骆达华/周子熙/周敬峰,千术2千王之战,"一路打听杀妹凶手金胜下落的花无敌偶然得知金胜就在千王集团的消息，帮助知情人的时候一箭双雕，得知了金胜的消息，还知道了千王集团的幕后BOSS就是当年夺走父亲所有身家还杀了父亲的赌王“一只耳”。调查赌场时，花无敌认识了热辣美女王水。为了追踪逃跑的王水，花无敌在赌场与开武馆的鞠华不打不相识，两人一拍即合，实施了一系列接近“一只耳”的计划。眼看计划就要成功，王水的再次出现让计划功亏一篑，原来王水就是“一只耳”的女儿。花无敌和鞠华决定将王水绑架，引诱“一只耳”现身，奇怪的是王水竟然主动帮助两人陷害老爹。有了王水的帮助，“一只耳”终于现身。一个是赌王一只耳，一个是千王之子花无敌，以命赌命的终极赌局拉开了序幕…",周敬峰,http://www.iqiyi.com/v_19rragv8uo.html,动作/国语/网络大电影,634274300
张浩/一鸣/张厦/蓝波/周阁,二龙湖浩哥之江湖学院,"本片讲述物欲横流的现代都市生活中，一个平民英雄浩哥为了情和义在都市中辗转和打拼的动人故事。主人公张浩因失误将全村民的猪致死，不得不进城求助自己昔日的兄弟为村民买种猪。而此时恰巧遇上蓝百万的妹妹蓝莓陷入赛车社团风波，毅然站出帮助蓝百万保护蓝莓的安危，并得罪阿译。因为蓝莓中意浩哥，蓝百万与浩哥决裂，幕后神秘人却在此刻帮助浩哥解决了的危机。",周阁,http://www.iqiyi.com/v_19rrb7mkgo.html,喜剧/国语/网络大电影,639472500
于子芡/张宵思/张鑫娜/陈国会,绝命追杀,"李婷婷和梁静都有着不堪回首的往事，两人的经历虽然不同，却有个共同点，两人都是精神分裂，只要一想起往事的情节，就如同疯了一样，不能自我。林雪是90后，家境好且好贪玩，刁蛮任性，唯宇小凡为偶像，做事从不考虑后果。梁静和李婷婷因为遭遇之故相互怜惜，林雪因为寻找刺激和两人搭档。嫉恶如仇的三人在寻找李婷婷的仇人长毛的同时，不断打击遇到的违法人员。警方察觉到三姐妹，派卧底小龙调查。三姐妹误打误撞陷入了一场与毒贩斗智斗勇的漩涡当中，最后发现毒贩头目就是三姐妹苦苦寻找的仇人。就在三姐妹和毒贩头目对峙面临危险时，卧底小龙及时出现，救下了三姐妹自己却身负重伤。",陈国会,http://www.iqiyi.com/v_19rraepgvg.html,动作/犯罪/国语,636920000
刘天鹏/任德勇/任德勇,西游外传之小白龙降妖,"西海龙王三太子小白龙与乱石山碧波潭万圣龙王之女万圣公主成亲，当晚小白龙发现了九头虫和妻子有勾搭，一气之下大打出手，不小心纵火烧毁了玉帝赏赐的明珠。此事传到天庭，要被斩首的小白龙被南海观世音菩萨出面说情免于死罪。菩萨命他在蛇盘山鹰愁涧等待唐朝去往西天取经的和尚唐玄奘，一等就是十年余久。一日，一名远来的小和尚一德受大林寺方丈之命送本地寺院高僧圆寂后的舍利子，被机灵鬼和鬼机灵拦住要夺走舍利子，此时被路过的小白龙看到，救走了小和尚。九头虫和万圣公主知道后很是气愤，准备加害小白龙，逼他离开寺院。就这样，万圣公主派贴身丫鬟去迷惑小和尚，骚扰小白龙，又多次派机灵鬼和鬼机灵前去寺院下毒，偷宝，都没有得逞。",任德勇,http://www.iqiyi.com/v_19rrb7s8o8.html,喜剧/国语/网络大电影,637639300
园子温/神乐坂惠/二阶堂富美/Ellie/大岛新,园子温这种生物,"该片记录了园子温的一系列创作活动。整个2015年，他不仅有《新宿天鹅》、《爱与和平》、《真实魔鬼游戏》、《我们都是超能者！》四部作品问世，还涉足文章、绘画创作，甚至参与乐队活动。《庸才》（『ヒミズ』）的主演染谷将太、二阶堂富美，以及园子温的妻子神乐坂惠等与园子温相识或共事过的人，皆在影片中讲述了自己眼中的园子温。",大岛新,http://www.iqiyi.com/v_19rrb40ayg.html,日本/日语,643911700
迈克尔·皮特/伊莎贝尔·于佩尔/瓦莱丽亚·布诺妮-泰特琪/Gustave de Kervern/塞缪尔·本谢区特,心房客,"故事发生在一幢破旧的老式公寓之中，少年查理的对门搬来了一位名叫珍妮的新邻居，珍妮曾是一名红极一时的女演员，如今已经过气。查理决定帮助珍妮获得一个对珍妮来说十分重要的角色。某日，一位名叫约翰的宇航员因为轨道计算错误而在误打误撞之中降落到了公寓的楼顶，他敲响了独居老人哈密达家的门，和老人开始了一段为期三天的奇妙的同居生活。孤独的男子伯科威茨因为意外而坐上了轮椅，在外出购物之时邂逅了正在抽烟休息的女护士，伯科威茨谎称自己是一名周游世界的摄影师，想要为护士拍一张照片。",塞缪尔·本谢区特,http://www.iqiyi.com/v_19rrbdbifs.html,喜剧/法语/荒诞,646954100
苏宥辰/穆丹/刘城铭,骑摩托的青蛙,"故事讲述了屌丝男唐柏青生活中不修边幅爱情也屡屡受挫，在公司更是受到主管的打压和部门同事的轻视。被女朋友抛弃后借酒消愁，醉酒之际偶遇流氓调戏的富家女秦念秋，他及时出手相助并因此收获迷妹一枚。后秦念秋乔装打扮混入游戏策划部与唐柏青成为了同事。期间秦念秋帮助唐伯青走出失恋的困境，并打破了一直有着地下奸情的同事陈奇和曲曼的阴谋。而两人也在朝夕相处中，最终走到了一起。",刘城铭,http://www.iqiyi.com/v_19rrb7qu8o.html,爱情/喜剧/国语,639539700
洪金宝/钟发/林正英/陈龙/午马/洪金宝,鬼打鬼（粤语）,"车夫张大胆自称胆识过人，神鬼不怕。某日他撞见老婆与别人私通，而对方竟是大胆的雇主谭老板。谭老板为掩盖真相，寻茅山道士钱真人设坛杀害大胆。钱真人设下圈套，将张大胆诱至马家祠堂，施法唤出僵尸追杀大胆。钱之师弟许真人不满师兄图财施法害人。他暗中协助大胆，使之脱险。然而谭老板祸心不死，一计不成，再施一计，非置大胆于死地不可。",洪金宝,http://www.iqiyi.com/v_19rrifk7ff.html,华语/喜剧/恐怖,114139900
克雷格·罗伯茨/埃米尔·赫斯基/塞·本贝特/Nia Roberts/克雷格·罗伯茨,我是吉姆,"一个威尔士的青少年想要变成城镇里的帅小伙，条件是他必须与他的新美国邻居做个交易。",克雷格·罗伯茨,http://www.iqiyi.com/v_19rrb406oo.html,惊悚/青春/悬疑,643909300
/////,熊出没 奇幻空间,"《熊出没·奇幻空间》是由方特动漫、优扬传媒、乐视影业、珠江影业、娱跃影业等联合出品的奇幻冒险喜剧动画电影。该片由丁亮执导，尚雯婕、鲍春来、孙建弘、曾舜晞真人出演，张伟、张秉君、谭笑等配音，并于2017年1月28日在中国内地上映。该片讲述熊大、熊二和光头强与金鹿角守护者——鹿族女孩协力保护金鹿角，击垮反派，最终让森林复苏的故事。",,http://www.iqiyi.com/v_19rrb5h8kw.html,国漫/冒险/搞笑,642023900
惠英红/陈颖欣/黄德斌/冯宝宝/周广超/余秋瑶/陈鹏振,心惊胆战,"母亲强行将女儿送往加拿大，而那班香港到加拿大的飞机失事，机上无人生还，母亲得知这个消息变得抑郁癫狂，经常看到可怕的东西，她身边也接连发生离奇死亡的事件。这时原本死去的女儿却突然回来，更大的噩梦正一步步逼近…",陈鹏振,http://www.iqiyi.com/v_19rrb43nz8.html,恐怖/惊悚/悬疑,644086600
崔晨晨/马艺文/张孝爽,超模风云,"丁心悦来到上海参加中国顶尖模特大赛，在这过程中她结识了日后的好友露娜和赵美琳，三人最终签约顶尖时尚模特经纪公司，成为形影不离的好朋友。而公司的模特一姐秦笑笑一直对这群新人保持着敌意。三人里，丁心悦和露娜收获了事业和爱情，赵美琳却几次选拔模特都未入围。一次聚会后露娜无意发现自己的男友与赵美琳有染，而赵美琳不择手段的拿到了拍摄杂志封面的机会，同时通过上位获得了参加国际时尚大秀的机会。露娜也在发现秦笑笑和父亲的秘密之后性情大变。三个女生最终选择了三个不同的公司成为竞争对手。在Fashion国际时尚大秀中国区的酒会上，丁心悦，赵美琳，露娜，秦笑笑四人再次相遇….",张孝爽,http://www.iqiyi.com/v_19rrb7s38k.html,爱情/青春/国语,637633800
罗伯特·帕丁森/Stacy Martin/利亚姆·坎宁安/贝热尼丝·贝乔/布拉迪·科贝特,战前童年,"一九一八年,第一次世界大战结束,战胜国展开漫长的凡尔赛条约谈判过程。正值叛逆期的七岁美国男孩,个性阴晴不定,外貌清秀还时常被误认成女生,随着代表美国的外交官父亲及虔诚基督徒母亲,住进法国乡间的古老庄园。当大人忙于政治大事,孤独而骚动的幼小心灵,在高压管教下跌跌撞撞、无声怒吼,邪恶的种子悄悄萌芽⋯⋯。",布拉迪·科贝特,http://www.iqiyi.com/v_19rrbcrcf4.html,战争/悬疑/英语,645994700
于霖/崋千涵/华子鸽,虚拟情人III,"《虚拟情人III》延续了《虚拟情人2》的故事，虚拟人范建南在艾米面前被注销以后，又再次裸身出现在荒漠中与艾米相遇，这次相遇并不是巧合，而是范建南的老大下达的任务，范建南被要求帮助艾米脱离险境、又被要求杀了艾米，在危机中，两人产生情愫，试图携手逃出这个令人捉摸不透的虚拟世界魔鬼城，然而一切似乎进入了循环模式，他们能成功逃离吗？这背后究竟隐藏着什么样的秘密？",华子鸽,http://www.iqiyi.com/v_19rrb55s8o.html,爱情/科幻/国语,643618900
张墨锡/杨东翰/郝铭,我的妖女老婆,"《我的妖女老婆》，讲述了神仙麒麟兽与妖界桃树妖跨界相恋。鱼水之欢时被观音发现，把他们打下凡间。五千年后，麒麟兽转世成为被老婆戴绿帽的男屌丝曲麟麒；桃树妖变为小妖桃未央，已全然忘记麒麟兽的存在，并接受妖界长老任务----抓回麒麟转世，趁接吻之机吸阳气拯救将灭亡的妖界；与此同时，浪荡名医铁三娘身患重疾，也需麒麟转世的心脏入药能救命。桃未央变为曲的老婆与之恋爱，假戏真做；铁三娘一路追寻曲麟麒的踪迹，并最终让桃未央现出原形，曲麟麒性命危在旦夕…",郝铭,http://www.iqiyi.com/v_19rra3orx0.html,爱情/喜剧/奇幻,572275000
张智杰/张莹莹/陈凯瑞/张红蕾/张书耀,西游记之再显神威,"西天取经路过火焰山，孙悟空假冒牛魔王骗取芭蕉扇，铁扇公主欲勾引其行房。事后铁扇公主自认脸面全无，伤心欲绝，隐匿凡间。众仙神误会孙悟空给牛魔王戴了绿帽子，牛魔王耿耿于怀，与西行归来的孙悟空展开一场大战，不料牛魔王牛角被打落，把二神的部分法力封印在失落的牛角内，牛角穿越自凡间。超能力牛角正好落到凡间一个学生孙小乖手里。在学校备受欺负的孙小乖获得了孙悟空超能力，开始自卫反击。牛魔王穿越献身，断定铁扇公主就在此地，用魔法控制了很多学生。威胁交出铁扇公主。孙小乖请来孙悟空真身，但孙悟空部分法力被封，需借用自己的身体，把牛角插到牛魔王头上，复原法力，于是展开牛猴大战…",张书耀,http://www.iqiyi.com/v_19rra9vjkw.html,动作/魔幻/国语,628789900
马雪阳/李可/杨兆华,我的月亮男执事,"在月球的背面生活着月亮上唯一的种族——月凉族。常栩是月凉族这一代的王室继承人，从小被美丽的月凉族巫女嫦姌娘养大。但这一切却被觊觎王位的二长老看在眼里，二长老和常栩立下约定，要是常栩能把失传已久的月亮仙草带回月球，常栩便可安心继承王室。常栩百般周折到达地球，藏身于大森和其妹妹纪雨希开的一家餐厅之中，一边充当服务生，一边种植仙草。不料纪雨希身边有一个渣男王浩一直纠缠不放，常栩便每每出手相救。慢慢的常栩和纪雨希暗生情愫，大森也时不时的上前凑热闹。二长老得知这一切后，一边阻挡仙草发芽，一边想杀掉王子常栩，此时嫦姌娘也赶来，一场大战一触即发。",杨兆华,http://www.iqiyi.com/v_19rr9upor0.html,爱情/奇幻/国语,603340000
仲亮/马依斐/陈水清,潮性大总裁,"屌丝快递员韦小豹，经历了一系列倒霉事情之后，背了巨债、丢了工作。他咒骂老天爷对其不公，熟料一觉醒来，自己竟然变成了公司大总裁，韦小豹由此也踏上霸道总裁的“权色之旅”。情人节当天，韦总裁想在私密会所夜御三女，不料三女同时而至，好戏上演，自己的未婚妻也死在了会所之内，难道一切又是老天爷的一场游戏么？",陈水清,http://www.iqiyi.com/v_19rra01w7w.html,爱情/喜剧/奇幻,576804400
毛乐/曹元泰/肥龙/史冰,水浒客栈,"宋将兄弟三人在一次触电意外来到了宋朝的大街上，还碰到了偶像燕青和李逵与官兵打斗热闹之后撤走。无奈的三人为了生计三人使劲了各种招数，却在城门附近的告示上看到了神奇的通缉令，并且遇到了前任女友娜娜。三人跟着柳若曦走进了水浒客栈，并借水浒客栈招人之际，进入了水浒客栈。三人为追柳若曦各施策略，同时为客栈良好的经营出谋划策，尽心尽力。期间他们又遇到神秘人物的飞砖传书，提示三人书在他那里。不料，客栈对面的醉仙楼老板白富眉一直想搞垮水浒客栈独霸生意，不断的挖走水浒客栈的伙计，并且还时常惦记着客栈里的柳若曦，并且使出多种手段要搞垮水浒客栈，但在宋将几人的多种努力让白富眉一败涂地。然而正当大家皆大欢喜时......",史冰,http://www.iqiyi.com/v_19rraiw8sw.html,喜剧/国语/网络大电影,629307900
Manu Payet/奥黛丽·拉米/奥雷·阿蒂卡/Cyril GELBAT,一切为了幸福,"鼓手安托万组建了一支乐队，乐队中的歌手安琪莉可歌唱得很好，他花了许多积蓄制作专辑，但唱片公司并不愿意投资。在家中，他与妻子爱丽丝的婚姻濒临破裂，两人决定离婚。安托万需要与唱片公司商量，以获得他们的投资，同时安抚乐队成员，还要照顾两个年幼的女儿。此时乐队里的歌手和吉他手贝伯特开始谈恋爱，让情况更加复杂。照顾女儿也让他十分烦心。财政情况更是岌岌可危。此时，唱片公司的艾蒂安打来电话，告诉他愿意投资。安托万和女儿们的关系也越来越好。安托万意识到自己还喜欢爱丽丝，但是爱丽丝已经另外找了个男朋友。爱丽丝和女儿们在电视上看见安托万的演出，女儿们十分激动。安托万做好一切准备，去法院找爱丽丝，准备再次表白，但还没拿出戒指，爱丽丝就走了。莉奥将在学校进行马戏表演，邀请安托万和爱丽丝一起来观看，爱丽丝答应了。安托万和爱丽丝来到了咖啡馆，安托万向她表达了爱意，但爱丽丝坚持离婚，并说自己怀孕了。安托万无奈签下了离婚协议书。",Cyril GELBAT,http://www.iqiyi.com/v_19rrb4531s.html,法语/家庭,644020700
伍麟凯/任兵,杀魔祭,"连续几起废旧工厂挖眼割鼻的抛尸案件，引来转世之身宫绍威前往案发现场寻踪探缘，现场遗漏的扣子，让宫绍威在神魔科学论者李大坤的神经记忆搜索下，看见祭司挖眼抛尸的全过程。找到三界通史姚秦三了解到五感封印阵法重现于世，并得知下一个受害者的身份。而这一切全是引向乌鸦酒吧的圈套，宫绍威被自己营救的哑女打晕，一起关进铁笼。原来，释放魔君之首的祭祀，真正需要的是转世之身宫绍威来完成，而这一切背后的操纵者尽是一直帮助宫绍威的人------",任兵,http://www.iqiyi.com/v_19rrai8988.html,魔幻/悬疑/国语,630418900
秦兆金/夏天/蔡刀,捉个九尾狐做女友,"菜鸟道士顾天靠着跑黑车为生，默默维护城市的安定，不想遇到妖界逃跑出来的妖王之女九尾小狐妖，顾天念其本性善良，带在身边，为了节省开支，逼迫小狐妖做苦力。小狐妖餐厅打工被星探导演发现，一炮走红。昔日仇敌郭子豪收买导演，并联合茅山门落魄道士兰传斌布局捉妖。顾天及时出现，打败兰传斌，救出小狐妖，郭子豪情急逃跑，被小狐妖吓得滚下楼梯，人事不省。郭子豪之父郭峰收买杀手组织“炼狱”欲取两人性命，妖界妖王也踏上了步入人间之路，同时顾天的身世之谜也即将打开，一切都只是一个开始。",蔡刀,http://www.iqiyi.com/v_19rragvh9k.html,爱情/奇幻/国语,634271300
马妮/伟哥/陈汉/张振荣/苏云胜/于苗/刘勇,坏蛋先生2,"影片讲述了退隐江湖多年的拳手风子为了能让自己心爱的女人过上好日子，重出江湖，独身犯险。不料被卷入了一场由黑社会操控的地下黑拳的赌局当中。比赛中风子为求胜利赢取奖金，擂台上失手将黑熊打死。黑社会大哥老牛派手下一路追杀风子。黑熊弟弟猴子得知哥哥被杀，从泰国赶回来替哥哥报仇，从此江湖掀起了一场血雨腥风。",广帅,http://www.iqiyi.com/v_19rrann2mw.html,爱情/动作/国语,605936500
克里斯·帕拉特/詹妮弗·劳伦斯/Michael Sheen/劳伦斯·菲什伯恩/莫腾·泰杜姆,太空旅客（国语）,"吉姆是阿瓦隆号飞船上的一位工薪阶层旅客，在飞船前往太空殖民地家园2号的120年旅途中，因一次意外，他从冷冻睡眠中醒来。发现自己有可能要在这艘巨船上独自度过89年，吉姆试着重新入睡，但最终只能在安置了5000个同行人员的睡眠舱中孤独生活，处于自杀边缘的吉姆绝望中孤注一掷，于是，他唤醒了一名女乘客奥罗拉，两人在相处的期间产生了爱情的火花。而当飞船的操作系统瘫痪，这对情侣面临着更大的问题，生命受到威胁的不仅仅是他们自己，也包括同行的旅伴，和航行本身。",莫腾·泰杜姆,http://www.iqiyi.com/v_19rrb85u04.html,美国/爱情/科幻,638307400
卜奕心/元子,赌城风暴之重出江湖,"三年一次的亚洲赌神争霸赛将在香港赌神高骏和台湾赌神井田上二之间决出。井田上二心知赌术不如高骏，遂买通高骏爱徒杜宇，派遣心腹孟璐潜伏至高骏身边，在公海赌船上设计高骏，将高骏打伤，扔到海中。高骏大难不死，被小屌丝小刀等人所救，为了揭穿杜宇等人的阴谋，高骏收下小刀为徒，让小刀代替自己参加亚洲赌神争霸赛，赢下杜宇。悟性极高的小刀，学赌术非常快，孟璐担心杜宇会输，故意重拾，使美人计想谋害小刀，好在小刀的青梅竹马花蕊及时出现，救下小刀。而另一边，杜宇为了赢下小刀，也早已准备了秘密武器。",元子,http://www.iqiyi.com/v_19rrabi90s.html,喜剧/动作/悬疑,625256000
詹妮弗-劳伦斯/克里斯·帕拉特/Michael Sheen/劳伦斯·菲什伯恩/莫滕·泰杜姆,太空旅客,"吉姆是阿瓦隆号飞船上的一位工薪阶层旅客，在飞船前往太空殖民地家园2号的120年旅途中，因一次意外，他从冷冻睡眠中醒来。发现自己有可能要在这艘巨船上独自度过89年，吉姆试着重新入睡，但最终只能在安置了5000个同行人员的睡眠舱中孤独生活，处于自杀边缘的吉姆绝望中孤注一掷，于是，他唤醒了一名女乘客奥罗拉，两人在相处的期间产生了爱情的火花。而当飞船的操作系统瘫痪，这对情侣面临着更大的问题，生命受到威胁的不仅仅是他们自己，也包括同行的旅伴，和航行本身。",莫滕·泰杜姆,http://www.iqiyi.com/v_19rraczfrk.html,美国/爱情/科幻,623573500
,爱奇艺爱电影精选集,《爱奇艺爱电影》 是一个以打造新片映前全网首发阵地为主旨的爱奇艺电影自制节目;截至8月7日，《爱奇艺爱电影》总播放量已逼近4000万，后续《...,,http://www.iqiyi.com/a_19rrh9mtdd.html,/华语/动作/2017-04-01期,643562000
邓超/彭于晏/赵丽颖/董子健/金士杰/易小星/张本煜,乘风破浪,"赛车手阿浪一直对父亲反对自己的赛车事业耿耿于怀，在向父亲证明自己的过程中，阿浪却意外的卷入了一场奇妙的冒险。他在这段经历中结识了一群兄弟好友，一同闯过许多奇幻的经历，也对自己的身世有了更多的了解。",韩寒,http://www.iqiyi.com/v_19rr9wabiw.html,喜剧/国语/院线,601803700
生田斗真/冈田将生/吉川晃司/松坂桃李/栗山千明/椎名桔平/大友启史,秘密,"清水玲子代表作《秘密》被改编为真人版电影，本片由《浪客剑心》真人版系列导演大友启史执导，松竹出品发行，预定于2016年夏在日本公映。《秘密真人版》讲述在近未来，人类科技已经能从死去的人们脑中提取出还活着时所见到的影像，从而使各种悬案得以破案。负责这项工作的是一个被通称为“第九”、全名为“科学警察研究所法医第九研究室”的政府机关，该机构是被高度保密的，而且由于涉及到私生活及伦理性的问题，就连在警察内部也得不到正式的认可。被分配在这里工作的研究员青木一行，与“第九”室长薪刚一起，从被害者生前记忆中寻找线索，追察各类事件的真相。但是，直面死者的秘密，却带来了超出想像的残酷性……",大友启史,http://www.iqiyi.com/v_19rrb545dc.html,惊悚/悬疑/犯罪,643691100
张蓝艺/刘一辰/刘洛汐/刘小奇/摩撒利,通灵姐妹,"女子安宁，丈夫早逝，带着女儿独自居住。有一天夜晚，家中停电，一名带着面具的男子侵入房间，欲非礼安宁，安宁拼死反抗，面具男子惊慌逃窜，却在过程中将点燃的蜡烛推倒，导致失火，安宁的女儿不幸丧生火海，失去孩子的安宁悲痛欲绝，由于线索缺失，凶手未能抓捕归案。安宁的闺蜜赵敏在得知她遭遇了不幸之后，便邀请安宁到自己家中小住一段时间，希望帮助她排遣忧伤痛苦。令人意想不到的是，随着安宁的到来，原本安静和谐的家庭变得异常诡异……",摩撒利,http://www.iqiyi.com/v_19rrb5183g.html,恐怖/惊悚/悬疑,643557200
叶臻/陈泽宇/胡裕鑫/郑逸祥/秦羽歌/韩艺馨/赵畅,我的学科男神,"低分段少女江悦在校内图书馆，打开了一本尘封已久的古老羊皮书。释放出了数理化三科男神以及阳玄。他们先后出现在江悦的身边，并抱着不同目的带着不同套路频繁接近。来自封印并各自归位的男神为何逐步靠近江悦？他们的现身究竟给江悦的校园时光带去了怎样的玄幻历程？除了解封学科男神，浑然不知的江悦又牵出了哪些微妙情愫？这些答案，没有司空见惯的常规套路，只有男神主导的奇幻历程。",赵畅,http://www.iqiyi.com/v_19rraji1yw.html,喜剧/青春/奇幻,611566100
知念侑李/柄本时生/深田恭子/上地雄辅/佐佐木藏之介/本木克英,超高速！参勤交代归来,"故事发生18世纪上半叶，即德川幕府八代将军吉宗在位时期。江户下辖的磐城国内有一个穷得叮铛响的小穷藩汤长谷藩，只因这里不久前发现了金山，遂引起江户幕府老中松平信祝的觊觎，于是策划了让汤长谷藩藩主内藤政醇在五日内前往江户参勤交代的毒计。一旦藤政醇逾期未至，就面临被诬以叛逆而削藩覆灭的危险。",本木克英,http://www.iqiyi.com/v_19rr9st2dw.html,喜剧/日本/日语,589817400
佰万/李尧/赵卫/王东辉,折翼雄鹰,"影片讲述了既有“中国十大杰出青年”、“全国劳模”、“全国残疾人自强模范”、“无臂神鹰”、“丽江三杰“之一美称的和志刚真实感人的故事。他11岁不幸遭遇高压电击伤失去了双臂，面对不幸，他凭借着顽强的毅力与命运抗争。学会了自己吃饭、穿衣、挑水、做饭等正常人能有的生活技能，并以口代手以优秀的成绩读完了小学、初中、高中，又遍访书法名家练就了一笔口书书法，他的口书书法作品以其精湛独特的笔法深受中外书法爱好者的喜爱。他的书法作品在日本展出荣获金奖；受到英国王子查尔斯的盛赞“中国人真的了不起”；他的书法作品被国家领导人收藏并给予高度评价。体育上在他的顽强拼搏下在国家、省市残运会先后夺得田径、游泳等项目32块金牌。",王东辉,http://www.iqiyi.com/v_19rrajq4ww.html,国语/网络大电影,611909900
于容彬/赵琳煜/李隆基,超能美食家,"由全网点击突破数千万的人气漫画《无觉食神》编辑部，隆重推出的周年纪念网络电影《超能美食家》，巧妙的打破次元壁，将虚拟漫画人物打造成电影主创成员。并借鉴广受好评的日本电视剧《孤独的美食家》模式，选用号称中国“松重丰”的人气演员于容彬担任男主角。影片主角ERIC是一名深藏不露的超能力拥有者，他对美食和美女有着某种执念，人送外号“超能美食家”。像往日一样正常上班的ERIC对偷偷自己下定目标，希望获得爱慕对象丽娜的垂涎。然而“食色性也”，在美食与美女之间，他必须做出终极抉择。",李隆基,http://www.iqiyi.com/v_19rrafywbk.html,爱情/喜剧/国语,635009100
易柏辰/荣溪/尚斯琪/张平元/郄国伟,超级王爷,"影片讲述了清朝王爷小寅(爱新觉罗咏宁)因厌倦宫廷式婚姻，一心寻找值得千年守护的爱情故事",张平元,http://www.iqiyi.com/v_19rrafzqlg.html,爱情/动作/奇幻,635035400
王晓冬/周哲/吴钦,午夜猎人,"本故事根据网上真实事件改编。每当到后半夜，夜店里总会有一些已经喝得不醒人事的单身女子，她们将会成为早就守候在此的猎人的猎物，这些人被称为“捡尸猎人”。单身屌丝杜爽在听说了“捡尸”的故事后急不可耐地跃跃欲试，可来到酒吧后却无从下手，只能眼睁睁地看着猎物被别人带走。在“捡尸”老司机老狼成功捡到猎物后，杜爽却发现在老狼身后跟着的一伙人行踪可疑，杜爽好奇地跟去一探究竟，却没想到螳螂捕蝉黄雀在后，老狼陷入到了仙人跳的陷阱中。警方闻讯赶来，一举抓获了这个长期利用美女做诱饵在酒吧中被假装“捡尸”后带去开房而后进行敲诈勒索的团伙。本片想通过捡尸的事例作为警醒，捡尸和犯罪之间仅仅一线之隔。以及宣扬警方打击",吴钦,http://www.iqiyi.com/v_19rrabj4m0.html,悬疑/犯罪/国语,625411700
吴连生/王奕盛/王恺文,二哥驾到之扶余二哥,"李月琴是符二胜心心念念的女人，却因为多年前的阴差阳错，嫁给了一个对家庭不负责任的男人。从此符二胜只能把李月琴装在心里，成了一个真情满怀的老光棍儿。符二胜的远房侄子余二利喜欢上了李月琴的女儿婷婷，跑来跟符二胜倒苦水，却勾起了符二胜对李月琴的旧情复燃。得知李月琴和婷婷母女两个为了偿还丈夫欠下的一屁股债务，而去了扶余县城打工，叔侄两个老小单身汉磕头为盟，拜了把兄弟，决心踏上去县城的寻爱之旅，从而闹出了一串儿啼笑皆非的欢乐事。",王恺文,http://www.iqiyi.com/v_19rramhd8g.html,爱情/喜剧/国语,608070700
冯兆麟/张云飞,同学，去拯救世界吧,"高中生黄翔在厕所遇到未来人得知有个极端组织要穿越时空杀死同桌牛小玲，黄翔奔走相告却被当作神经病关进精神病院。在医院黄翔遇到跟自己有相同遭遇的“精神病人”798，两人一起召集了一批身怀绝技的“病友”，众人计划在极端组织来到学校之前逃出精神病院阻止他们的阴谋……",张云飞,http://www.iqiyi.com/v_19rrmfiek8.html,喜剧/国语/网络大电影,514684500
裘恩典/鲍菲/姚一奇/秦勇/高晴/不童,吸睛少女,"网红2.0年代，每人都可以一夜成名。蕾丝（裘恩典饰）和顶顶（鲍菲饰）一对吸睛少女游荡到某著名影视机地，简单粗暴就地自拍玩直播，誓要轰轰烈烈成名一次。其间遇到技术宅屌丝，咆哮邪少（姚一奇饰），表面上帮二人拍片直播，暗把二人刷进自己DIY的游戏中把玩。当吸睛少女以为自己暗坠地下机关城，其实己不知不觉落入咆哮邪少变态设计之中。吸睛少女的命运已不由自主，一时被邪少育成的嗜色狂兽大根（秦勇饰）连番追捕，时又遭遇暗黑萝莉女仆NPC(美滋)（高晴饰）诱导出二人内心阴暗一面，从前的一宗谋杀案真相正要被揭开，一场撕逼即将发生…到底吸睛少女如何才能扭转乾坤，逃出这个虚拟玩局？",不童,http://www.iqiyi.com/v_19rraebzt8.html,爱情/动作/国语,621762400
麦田/舒雅/郑拓疆/桑娜/刘頔/老豹/赵滨,大漠孤侠,"成化年间，东厂督主王子师图谋篡位，联合西厂柳传道杀害朝廷重臣，首辅大臣卢全安被害前嘱托义女若兰去大漠寻找曾经的神剑山庄少庄主丁解，现在的天下第一铁匠——孤狼为国除害。隐居大漠的孤狼在意外之下救了卢全安心腹——锦衣卫前指挥使隋唐。孤狼经由隋唐及若兰得知卢全安被害，于是再次挺身而出，最终率众人击败了王子师和柳传道，自己也舍身殉国。",麦田,http://www.iqiyi.com/v_19rradu0wc.html,动作/国语/武侠,620757600
褚全忠/王怡雯/徐薏雯/李翠翠/朱江华,丫丫的夏,"影片讲述了刚毕业的女大学生陈丫丫，放弃在上海工作的大好机会，回到家乡与当地村支书张大力一起为当地村民争项目、办实事、求发展的励志故事。",朱江华,http://www.iqiyi.com/v_19rrb4n7bc.html,国语/院线/4K,642900900
韩志硕/施予斐/颜一海/曲荣达,夺命轮回,"“神偷”刘东本想干完最后一票就退隐江湖，却不料让他和妻子陷入了万劫不复的深渊……妻子被绑匪杀害，刘东启动了意外得到的时间轮盘，时间回到妻子被杀的1小时前。在这1小时内，刘东要冲破重重阻碍，完成一个个看似不可能完成的任务才能救活妻子……刘东陷入了1个小时的时间轮回之中。妻子一次次被杀，而刘东一次次营救。终于，看似不可能完成的任务被刘东一一突破……",曲荣达,http://www.iqiyi.com/v_19rrb6cyvw.html,爱情/科幻/国语,641538800
魏嘉诚/丁珊珊/卢野/费旋/李茜/王丽语/李坤昱,便利店事件,"女酒推李茗与沉迷赌博的男友楚成因金钱问题濒临分手，楚成为阻止李茗出卖肉体代还赌债，决定铤而走险抢劫便利店。陈淑涵借用新男友刘威向女同志周钰提出分手，周钰怀恨在心，暗中跟踪刘威到便利店发现了他不可告人的秘密。",李坤昱,http://www.iqiyi.com/v_19rrao4wf4.html,爱情/悬疑/犯罪,604506700
邱雨梦/陈姗姗/李石川,我要上学,"《我要上学》讲述了一个山村贫困女孩求学的感人故事。赣东柳溪村小学五年级学生赵小莲，父亲因山洪暴发抢救村民不幸身亡，家境十分贫困，欠本村村民赵三宝五千块钱债，同时又没有钱交学杂费，因而失学为赵三宝打工还债。在打工过程中，赵小莲渴望读书，又遭到赵三宝的多次责难和阻止，赵小莲不辞而别走上拾荒之路。为了帮助赵小莲重回学校，村民二喜叔和学校老师开始了漫长的寻找之路、在教育部门以及全社会的帮助下赵小莲重回学校。影片反映的是当前千千万万贫困孩子艰难求学的一个缩影，也是当前贫困农村义务教育的真实写照，对改变当前农村教育现状和促进青少年的教育成长有极大的教育意义。",李石川,http://www.iqiyi.com/v_19rrb89e8w.html,青春/国语/网络大电影,638341900
杨帆/杜文洁/郭倩,魔方笔仙,"“小神棍”小慕来到公司实习，但公司“高压”制度使得人人警惕、冷漠，只有上司李峰关照着自己。公司领导选拔中，主管钱仁因自己的私心，将主管候选人由李峰改为贝丽，李峰与钱仁发生冲突，钱仁失手杀死李峰，目睹钱仁作案的小慕，将用自己特殊的方式，将钱仁绳之以法。",郭倩,http://www.iqiyi.com/v_19rrag40rs.html,恐怖/惊悚/国语,635085700
,第8届中国电影金扫帚奖,"3月19日，青年电影手册2016年度华语十佳暨第八届中国电影金扫帚奖颁奖典礼于北京博纳星辉剧院举行。《爵迹》、《致青春·原来你还在这里》、《夏有乔木雅望天堂》三片在手的吴亦凡在“小鲜肉军团”角逐中脱颖而出，当选“最令人失望男演员”，景甜则凭借众星捧月的《长城》将“最令人失望的女演员”收入囊中，这也是景甜时隔三年再度获得该奖项。",,http://www.iqiyi.com/v_19rrbd2bt4.html,华语/青春/国语,646526500
凌晨/张峻鸣/凌晨,致青春之嫁给爱情,"凌晨（凌晨饰）是一个很普通的女孩子。季远辰（张峻鸣饰）是学校四大男神之首，家庭富裕学习成绩很好长得还非常帅。两人偶然邂逅相处暧昧最后却因巨大的家庭条件差距导致凌晨的自卑而错过。五年后，凌晨成为职场精英，再次遇到季远辰依然藏住自己的心意狠心拒绝了对方，却没想到，季远辰竟然成为了自己的上司......",凌晨,http://www.iqiyi.com/v_19rrb86db4.html,爱情/青春/国语,638217100
刘永/叶山豪/梅国壮/袁仁康,疯狂追梦记,"小马是个废柴青年，长相酷似外星人，出生于农村，学习经商都不好，却坚信人生处处有奇迹！大学毕业后，住在女票家里，干过各种各样的工作，唯一的爱好和特长就是打游戏，为了游戏，小马连工作都辞了。可儿，和小马是青梅竹马，是一个网络小说作者。可儿总是想尽各种办法戒掉小马的游戏瘾，为了帮小马找工作，可儿找曾经的同学田宇，田宇是富二代，却不想继承家业，这件事被小马误会二人偷情，由此发生一系列乌龙事件。而这些事，却让小马下定决心追求自己的游戏梦，建立了游戏工作室，看到小马的坚定，可儿与田宇都倾尽全力帮助他，中间坎坷不断，三人就此展开一段疯狂的追梦记。",袁仁康,http://www.iqiyi.com/v_19rrb7uvww.html,爱情/喜剧/国语,637765500
周敬峰/王若瑄/朱美璇/傅强/韩东旭,非正常男友,"贾高招是一名汽修工，私自开着顾客的跑车来到夜店，偶遇女神苏雯，然而却没想到苏雯就是车主，遭到奚落的高招大受打击一蹶不振，看不下去的好基友鲍宇为了让高招从新振作便将大师介绍给高招，贾高招和鲍宇见证大师一面墙的屌丝逆袭女神成功案例的照片更对大师深信不疑，贾高招大出血的拿出2000元学费开始他的爱情套路学习之旅。在大师的指导过程中演绎许多搞笑故事。贾高招将失败的过程以及苏雯的事告诉了大师，大师光然大悟认定白富美苏雯就是高招的真命天女。",韩东旭,http://www.iqiyi.com/v_19rraiwq3k.html,爱情/喜剧/国语,629281100
白炜玲/陈雅斓/宿丹/杨涛睿,甜心主播大作战,"经济学毕业的颜夕在投资公司屡屡受挫，只有青梅竹马的快递员刘宇一直陪伴在她的身边。一次偶然的同学聚会，颜夕和学姐雨菲熟识，并在她的邀请下加入了“奇镜”网络直播平台。颜夕依靠自己的经济学知识在网络上迅速走红，同时也和刘宇渐行渐远。正在颜夕风生水起之际，一场令人猝不及防的脱衣门事件将颜夕彻底封杀，同时受牵连的还有学姐雨菲。就在颜夕意志消沉跌入谷底之际，和她有过几面之缘的富二代向昊天对她伸出援手，帮助颜夕度过了公关危机，并且邀请她加入自己的“海豚”TV。风平浪静之后，始作俑者浮出水面，螳螂捕蝉黄雀在后，真相永远不止我们看到的那么简单……",杨涛睿,http://www.iqiyi.com/v_19rrb7qllo.html,国语/网络大电影,639546800
高迪/白应鑫/曲彦静/姜南,青春不毕业,"网红高迪的同学孟春，为了追求小一届的女孩儿而费尽心机留校，成了新时代的蹲级包。谁料又一次读大四的他刚开学便惹祸上身，打球时误伤了同宿舍兄弟，为了筹医药费，他拼命赚钱，不敢奢望爱情。同宿舍的兄弟们俨然都是情圣：娘娘腔马如月从串哥手里夺下蓝瘦，高青骨折住院而意外收获小护士一枚，经营酒吧的孟春又得到了富家女菲菲的爱慕……孟春与小师妹能否终成眷属？让我们走进影片体验一下啼笑皆非感人至深的校园爱情！",姜南,http://www.iqiyi.com/v_19rrarlxz0.html,爱情/喜剧/青春,614667600
李栋/黄一山/简佳琳/董海波,冒牌大导演,"金大富一直梦想着自己能够成为一名导演，然而现实中却是一个剧组的龙套演员，喜欢美女却又囊中羞涩，在现实中遇到形色各样的拜金女，一次偶然机会在剧组认识了白慕灵，白慕灵的男朋友小强作为一名专业院校毕业的演员也一直苦于自己没能出人头地，小强在一次被设计的艳遇后遭劫匪绑架勒索，白慕灵和金大富在紧急情况下赶到，面对邪恶势力，金大富急中生智，解救了白慕灵，而白慕灵也认清了小强的真面目。",董海波,http://www.iqiyi.com/v_19rr9xcxn0.html,爱情/喜剧/国语,599412000
玛丽露·贝里/西里尔·盖伊/Mehdi Nebbou/Berengere Krief/爱丽丝·波尔/Agnès Obadia,剩女约瑟芬2,"约瑟芬29岁，在这个时候她终于迎来了第一个宝宝，但是她很焦躁，害怕生了宝宝会被奶粉纸尿布……束缚住，害怕变老，在这过程中，她的姐姐和男友等人一起对她进行花式开导，最后幸福的生下了孩子。",Agnès Obadia,http://www.iqiyi.com/v_19rrb43380.html,欧洲/喜剧/法语,644043900
阿沙·巴特菲尔德/拉菲·斯波/莎莉·霍金斯/埃迪·马森/Morgan Matthews,X加Y,"讲述了一个数学天才Nathan因数学天赋而到中国参加一个奥林匹克竞赛，并与一位中国姑娘ZhangMei产生爱情的故事。男主角Nathan是一个有见解的大男孩，但也不必要的与其母亲产生了矛盾。来到中国后，纠结于学业以及爱情之中，讲述了青年人的成长与蜕变。",Morgan Matthews,http://www.iqiyi.com/v_19rrbcygq4.html,喜剧/英语/4K,646248000
杨博/爱迪生,废柴赌神,"赌坛泰斗纷纷退隐江湖。众人在赌神大赛中所赢得的财产均被国家冻结，全部15亿美金滚入“赌神资金”。唯有所有泰斗离世后，15亿基金方可启动并由赌神生子高兴支配。此消息不胫而走。赌坛邪恶五人组决定铲除这些前辈，敛财之心倍起。此五人精通赌术又心狠手辣，略施手腕便将赌神等赌坛高手杀害并成功得到存有15亿资金的u盾，幸运的是赌神将保险密码交与高兴保管才未让邪恶五人组得逞。身为赌神生子却未得赌神半点真传。丧父之后高兴决定在女友晴天的帮助下复仇。于是二人来到异能村找到具有透视神技却赌技极烂的怪人大桥寻求帮助。苦心人天不负，在高兴晴天的鬼马指导下大桥赌技突飞猛进，三人同邪恶五人组一同出现在了新一届赌神大赛的赛场上。",爱迪生,http://www.iqiyi.com/v_19rrb3zrwo.html,爱情/喜剧/国语,645836900
李根/邹晶晶/高利虹/李佳城,6号别墅,"网络作家佟小迈迫于某网站约稿的压力，不得已通过朋友介绍暂时住进了6号别墅搞创作。别墅的女主人刘若雨性感时尚，给予佟小迈创作的灵感，可佟小迈却发现刘若雨似乎生活不检点。这一夜，佟小迈在睡梦中被入室盗窃的笨贼惊醒，发现刘若雨意外身亡，刑警队长高虹接手此案前来调查，法医查明刘若雨生前被人性侵过，随着案情深入，高虹发现此案疑点重重……小白的出现，带来故事的惊天大逆转！",李佳城,http://www.iqiyi.com/v_19rrahbiug.html,惊悚/悬疑/犯罪,633068100
杨智妍/张宏铭/陈一雄一,荒野惊魂之夺命猎杀,"曾是高中同学的浩然、李素莹、张俊男、Anny、黄蓓蓓接到姜老师的电话，邀请他们到自己新开业的山庄游玩。夜幕降临，山庄周围一片寂静，诡异的事情却不断发生，突然一声尖叫将睡梦中的白燕燕吵醒，紧接着一声声似有似无的歌声从楼上传下来第二天一早，众人发现王晓雅死在了自己的床上，李素莹吓傻了，提出离开山庄，但是山路被大雨冲断了，他们走不了，红衣女鬼突然出现，与Anny偷情的张俊男突然失踪。第三天，大家在山上寻找张俊男的时候，Anny遭遇黑衣人袭击，差点别吊死在树上。第四天，众人醒后发现已被绑在森林的树上，真正的幕后黑手竟然是……",陈一雄一,http://www.iqiyi.com/v_19rrahfmzc.html,惊悚/悬疑/国语,633130100
子豪/陈诺/那特,拳爱进行曲,"我们在生活中总愿谈论理想，面对生存我们是选择顺从还是打着理想的旗号逃离呢？献给在现实与理想彷徨中的我们。幻幻是一名从名校毕业要走入社会的学生。面对社会和未来充满着美好的信心，因几次职场面试的不成功渐渐开始抱怨现实的残酷，慢慢脱离主流。开始背着吉他行走远方。某天深夜她背着吉他满身酒气回家，因荒唐的行为使得姐姐终于爆发与之产生激烈的争吵。幻幻愤然离家，在路边，望着形形色色的人们她大声痛哭。幻幻被闺蜜罗拉收留，在闺蜜家中幻幻每天把酒当歌。但她不得不面对现实的残酷，母亲给她留的钱已经花光。幻幻决定找工作自立更生，在每次寻找工作失败回家的路上，她都会遇到一间拳馆。在无奈与好奇的驱使下她走进这",那特,http://www.iqiyi.com/v_19rrahbj4c.html,爱情/喜剧/国语,633068000
姜山/王健/常诚/刘啸宇,时空迷宫,"六叔和慕容丰以偷盗为生，从算命先生（一循法师假扮的）那里得知灵岩寺有一尊金佛，价值连城，前去盗取。一对情侣分手旅行，路过灵岩寺进去拜佛，开车离开灵岩寺行驶不远发生车祸，女主的腿骨折了，男主头上挂了彩，他自己简单的包扎了成了一个蒙面人，去寺院求救，却被六叔和慕容丰误以为是同行随后被二人穷追不舍。在戒缘法师的指引下，男主躲到了佛像下的暗道里，男主以为逃过一劫，但当他从暗道出来时候，却看到另一个自己和女友在拜佛然后开车离开，而这正是他和女友刚刚经历的情景，这才发现他已经穿越到了另一时空。",刘啸宇,http://www.iqiyi.com/v_19rrai9b3k.html,喜剧/国语/网络大电影,630435100
葛优/谢霆锋/唐嫣/郑容和/白冰/杜海涛/王太利,决战食神,"影片主要讲述了高天赐是广州一个小厨师，和来自法国拥有米芝莲三颗星荣誉的名厨安保罗，厨艺各有千秋，从一开始的争锋相对，到成为惺惺相惜的好友，并联手参加‘全球美食之王’大赛夺得冠军的故事。",叶伟民,http://www.iqiyi.com/v_19rrb3yv8c.html,动作/国语/院线,645814000
克里斯托弗·麦克唐纳/简宁·特纳/伊瑞克·冯·迪滕/杰弗瑞·佩尔森/Andy Cadiff,天才小麻烦,"比弗看上了一辆漂亮的自行车，为了能得到它，比弗按邻居埃迪的主意报名参加了儿童橄榄球队。这样就能讨好球迷爸爸，从而得到自行车。这个方法果然奏效，在比弗生日这天，父母将自行车作为礼物送给了他。拥有了梦寐以求的自行车，比弗心中无比欢畅。大街上，一个大孩子向比弗借车表演车技，却一去不返。伤心的比弗回到家中，他和哥哥沃利都不敢把事情告诉父母，但还是被他们发现了，比弗感觉自己总是在闯祸。埃迪喜欢上了女孩卡伦，他带着沃利去和卡伦套近乎。但卡伦却对沃利一见钟情，这让埃迪对他心生嫉妒。卡伦和沃利相约一起到滑冰场约会，却巧遇卡伦以前一起长大的朋友凯尔，卡伦和他一同离去，只剩下伤心的沃利独自一人回家。比弗因成绩不好被老师留下补课，这对原本就对橄榄球没有兴趣的他倒是件好事。但为了不让爸爸失望，比弗还是没有把这个消息告诉他。比弗在街上遇到了偷他自行车的人，那个人和凯尔是朋友。他们和比弗打赌，如果比弗敢爬进路边咖啡馆楼顶装饰用的大咖啡杯里，他们就把自行车还给他。",Andy Cadiff,http://www.iqiyi.com/v_19rrbdckhw.html,美国/喜剧/英语,646905000
檀健次/王浩/刘静怡/齐麟/谢毅航,魔王重生,"一晃数十载，溥仪退位，军阀当道，党政纷争繁杂混乱。高远四处寻找“红莲魔君”，也寻找转世的沈薇和永发，却发现魔君附身于当时称霸一方的军阀“马大帅”身上。喜欢赌博的永发，输钱之后常去怡红楼泄火，跟百合日久生情。深夜回到帅府，被大帅责怪的永发，情急之下，介绍大帅也去怡红楼消遣。不想大帅看中了百合，要将其收房，永发内心纠结，也无可奈可。新婚之夜，沈薇前来行刺，被暗中观察的高远发现，沈薇失手逃走，高远暗中跟随，讲述前世今生，沈薇却不相信。永发追赶刺客而来，高远跟他讲明过去，说了红莲魔君的危险身份等等和盘托出，还告知永发自己调查到魔君在制造魔怪兵团一事。怎奈沈薇、永发却将他当疯子。永发更是执意要回到",谢毅航,http://www.iqiyi.com/v_19rrb3xs6w.html,魔幻/国语/武侠,645860500
马晓辉/毛坚,绝命刀手之蛇女忍者,"墨寒受严嵩指使，来到靖州城内等待进京面圣的瓦氏夫人并寻找刺杀机会，不料瓦氏同行的三名侍卫个个武功高强，以绝色女子凌风为首，个个行事谨慎，墨寒假意接近凌风伺机行动。倭女浓姬的到来扰乱了墨寒的部署。浓姬带忍者偷袭骚扰让局面紧张混乱。凌风将计就计与墨寒结为夫妻，众人做好抵御倭寇的准备。可酒馆掌柜却趁乱袭击，玲珑被杀，凌风身受重伤，瓦氏危在旦夕。凌风弥留之际揭穿了严嵩的真面目，并用真情实意打动墨寒。墨寒肩负起保卫瓦氏的责任。",毛坚,http://www.iqiyi.com/v_19rrb3ybfw.html,动作/国语/武侠,645900800
袁骁/斯皮尔波哥,摩登群侠之速递侠,"快递员宋临风万万没有想到，一封从快件，竟会引来集团副总赵庭杰的追杀。原来，这封快件，竟是递给宋临风心中女神赵敏茹的一封亲属秘信——赵敏茹的生父赵挺身为天速集团总裁，可病重将逝。这份密信嘱托赵敏茹赴与生父重新见面，并请她继承天速集团产业。但赵挺养子赵庭杰觊觎集团已久，得知父亲要将天速集团拱手让给赵敏茹后，杀死赵挺，并试图对赵敏茹暗下杀手。宋临风发现赵庭杰的阴谋，却被赵庭杰追杀，加之其遗漏快件，被公司领导开除此时宋临风被一个平时常欺负他的保安郑泽凯相救，不想郑泽凯竟是世外高手，“天空派”的传人“保安侠”。在郑泽凯的悉心调教下，宋临风破茧化蝶，学成“天空派”武功绝学“北冥玄冰掌”与“天速派”",斯皮尔波哥,http://www.iqiyi.com/v_19rrbd2bhs.html,喜剧/动作/国语,646523100
许冠杰/麦嘉/许冠英/曹查理/曹达华/卢冠廷/徐克,最佳拍档3：女皇密令,"黑猫身手敏捷，小有名气。一次，他在巴黎时忽然遭到不明身份的女杀手袭击，当他和对手一路打斗来到铁塔时，伏击在此的大钢牙和刚帽突然出击。措手不及的黑猫眼看性命不保，纵身跳下了塞纳河。当黑猫醒来的时候，一名自称占士邦的应该特工人员告诉他这是女皇对他的考验，现在他已通过考验，可以正式接受女皇的密令。信以为真的黑猫欣然应允，返港为女皇盗窃一枚极为贵重的宝石。当黑猫费尽九牛二虎之力完成任务后，发现事实并非如此。",徐克,http://www.iqiyi.com/v_19rrann7ac.html,华语/喜剧/动作,605926600
韦斯利·斯奈普斯/帕特里克·斯威兹/约翰·雷吉扎莫/斯托卡特·詹宁/布莱思·丹纳/比班·基德龙,艳倒群雌,"薇达和杰克森是纽约著名人妖，获得到加州好莱坞参加选美的来回机票。两人遇到因落选而十分难过的罗琪琪。于是，两人便将机票卖掉，改租一部凯迪拉克敞篷车，并邀请罗琪琪共同前往加州好莱坞参加选美。没料到车子途经一个小镇时抛锚，三个浓妆艳抹的男子被困在保守纯朴的小镇里。他们在这里，不但使镇民们眼界大开，让原本纯朴乏味的小镇，充满生活与活力，还抚慰了许多破碎的心灵，一连串惊奇的笑料不断登场……",比班·基德龙,http://www.iqiyi.com/v_19rrbc4b0s.html,美国/喜剧/英语,647069600
Robert Acosta/Kelly Dougherty/Patricia Foulkrod/Sean Huze/Patricia Foulkrod,真相（2006）,"该片表现了美国军队如何训练士兵作战、伊拉克战争的真实场景以及这场战争给返回家园的士兵带来的影响。",Patricia Foulkrod,http://www.iqiyi.com/v_19rrbdchu4.html,美国/战争/英语,646900000
伊利亚·伍德/约翰·C·赖利/詹妮弗·康纳利/申·阿克,机器人9号,"机器人9号突然醒来，发现身边的世界充满危机，四处残败，一片末世景象。9号带着一个画有三个奇怪符号的圆形物体逃到街上，幸遇发明家机器人2号给自己装上了声音，但2号却不幸被机器怪兽抓走。9号找到了老兵1号、机械工5号、疯癫画家6号和大力士8号。9号与5号擅自出行援救2号，危急时被女武士7号救下，但无意中9号却令终极机器兽复活。带着自己从哪里来以及生存使命的问题，9号决定想尽办法制服机器兽，拯救全世界……",申·阿克,http://www.iqiyi.com/v_19rrmy33ic.html,美国/科幻/动画,281639400
米歇尔·菲佛/杰西卡·兰格/Jason Robards/詹妮弗·杰森·李/Jocelyn Moorhouse,陌上伊人,"性情暴躁的倔老头拉里·库克辛劳一生，苦心经营自己已有百余年历史、面积达一千英亩的艾奥瓦庄园，他是这片沃土的国王，拥有至高无上的权利。拉里虽是德高望重的长者，但他的家庭却是个暗藏危机的陷井。他有三个女儿：罗丝、金妮和卡罗琳，没有儿子，长久以来他为究竟由谁继承遗产和发展他的家业而伤透脑筋。",Jocelyn Moorhouse,http://www.iqiyi.com/v_19rrbbq728.html,美国/英语/家庭,648505900
魏溱承/王荣伟/杨怡凝/陈剑胆,壹号合伙人,"主人公叶威是一名光盘制造销售商，他和好友马哲打下偌大光盘帝国，风光一时，然而随着科技日新月异，MP3等数码产品的涌现，叶威的光盘帝国不得不面临破产的命运，一次偶然的机会叶威认识到了服装生意的机遇，从此在商海浪潮中翻云覆雨，开启了一段精彩的传奇……",陈剑胆,http://www.iqiyi.com/v_19rrb7v9a0.html,青春/国语/网络大电影,637682900
王靖云/金粮/郭力行/韦蔼芯/迟志强/但艳/朱江华,咱们分手吧,"影片讲述清纯小护士叶晓彤发现农民工男友方强出轨提出分手。富二代韩铭川对叶晓彤发起追求，方强也穷追不舍的道歉挽留。此时富家女金莉莉对方强的暧昧，韩铭川的”旧爱“几条线索一起展开，围绕分手，展开故事。",朱江华,http://www.iqiyi.com/v_19rrbbocb0.html,爱情/国语/院线,648404000
瓜尔佳泽/宴柔中/徐大宝/李俊杰/杨昆荣,中二少侠求爱记,"草根青年李自强，单身多年研发出高科技产品“ilove”，可切换各种模式，旨在帮助更多的男青年结束单身获得真爱。在该产品测试阶段，李自强同时认识了被公认为女神的雨柔，以及有些神经质的姑娘丁小溪，经过长时间的努力，女神终于也爱上了李自强，但是他渐渐的发现，真爱的感觉不可被机器取代，也慢慢了解了自己真正的心意。",杨昆荣,http://www.iqiyi.com/v_19rraozg3g.html,爱情/喜剧/国语,620645200
小哈里·康尼克/康妮·布里登/钱德勒·坎特布瑞/菲奥纽拉·弗拉纳根/Tim McCanlies,天使在歌唱,"作为一个小孩，MichaelWalker希望每天都可以是圣诞节，直到一个悲惨的事故粉碎了他的节日精神。三十年后，尽管他的妻子和好心的父母鼓励他，Michael仍然无法因节日而欢乐。但是，当他的小儿子面临悲剧时，Michael需要弥补他的过去。",Tim McCanlies,http://www.iqiyi.com/v_19rradnjeg.html,美国/爱情/喜剧,622698900
乔治娅·格洛梅/亚伦·泰勒-约翰逊/艾莉诺·汤姆林森/金伯莉·尼克松/顾伦德·查达哈,青春爱欲吻,"14岁的小女孩乔治娅·尼克尔森刚刚步入青春期，她的叛逆和倔强随之而生。这个年龄的她不再为了糖果和洋娃娃欢呼雀跃，虽然父母仍旧将其看作一个小孩子，但她已经开始为了朦胧的爱情怦然心动了。升入中学，一众死党感受到来自自身和外界的冲击，她们讨论乳房、初恋、接吻，一切都让懵懂的女孩们激动不已。与此同时，乔治娅迷上了阳光帅气的男孩罗比，从此每一天都变得多姿多彩起来……",顾伦德·查达哈,http://www.iqiyi.com/v_19rrmx6z7k.html,美国/欧洲/爱情,282077100
王浩/张珊珊/王明明/付梦妮/刘峰源/柳侑绮/三木单丹,灵界警探2,"强大魔灵的封印被无意破坏，魔灵逃出，为得到灵界警司中强大的舍利至宝，精心策划出一系列阴谋诡计，接连不断的风波考验着灵界警司年轻的一代，在魔灵屡屡得手后、警司痛吃教训，水深火热中唯有心中的正义仍旧坚挺成长后的幡然醒悟，逼迫魔灵马脚渐露，揭穿阴谋、奋起反击，最终将魔灵再度封印。",三木单丹,http://www.iqiyi.com/v_19rrap7xyg.html,惊悚/魔幻/国语,618946500
陈奕名/闫妍/郎宏伟,落跑小姐的贴身保镖,"超级富豪王国雄住院期间觉察到续娶的妻子张培莉对自己的财产图谋不轨，便秘密雇佣职业保镖许正阳负责找到他的女儿王嘻嘻，并保护她的安全将其带回。张培莉及其情妇宋成宪知道后不断派出顶尖杀手，两人一路遭遇多次的追踪和暗杀，几番死里逃生后，彼此间的感情逐渐升温，可杀手们如影随行，两人的生死存亡一线...",郎宏伟,http://www.iqiyi.com/v_19rrabi5q0.html,爱情/动作/国语,625268500
陈诺/臧连荣,大唐怪侠,"大唐怪侠主人公宋仲丫是一个快递员，同时还是一个对超级英雄深度痴迷的宅男，他垂涎已久的女神是小玉。一次意外出了车祸，当他再次醒来的时候，他穿越到了唐朝。在唐朝，发生了一系列搞笑惊奇的故事。回到现代后的宋仲丫早已不是那个默默无闻的快递宅男，他重新正视了自己人生。",臧连荣,http://www.iqiyi.com/v_19rrbb9kwc.html,喜剧/魔幻/国语,649813600
艾迪·墨菲/塔缇娜·阿里/Billie Allen/James Brown III/Edye Byrde/罗伯特·汤森德,野马秀,"黑人明星艾迪·墨菲，是八十年代美国影坛薪酬最高与卖座最佳的喜剧皇牌。在加入电影圈之前，他在夜总会之中以表演单口相声的脱口秀走红。在功成名就之后，他决定联合黑色艺人，演出了三部发挥他们脱口秀才能的新型音乐会电影《野马秀》。艾迪·墨菲亲自担任制片、编剧和主秀表演，除了模仿比尔柯斯贝和李察等前辈黑人明星外，又在片中不择言，大说笑话一度被评定为“X级电影”，后经重新剪辑后在美国推出上映，大受欢迎，卖座达三千多万美元，是历来票房最高的脱口秀电影。该片由RobertTownsend执导。",罗伯特·汤森德,http://www.iqiyi.com/v_19rrojkg3k.html,美国/喜剧/英语,369637100
凯尔·米歇尔/基南·汤普森/辛巴达/丹·施纳德/布莱恩·罗宾斯,汉堡总动员,"艾德与戴克斯特是两个古怪的中学小男生，他们都在一家叫做“好汉堡”的速食店中打工。一日，对街开了一家叫做“卖得多汉堡”的连锁速食店，它“便宜又大”的汉堡，使“好汉堡”的生意一落千丈，面临倒闭的危机。此时，艾德无意间发明了一种特别好吃的酱汁，加上戴克斯特鬼灵精怪的销售点子，“好汉堡”的生意起死回生，再度成为镇上最受欢迎的速食店！正当一切进行顺利之时，贪婪的“卖得多汉堡”竟然决定采取更激烈的手段，发誓要让“好汉堡”永不得翻身。于是，艾德与戴克斯特想出了一个好方法，不但能稳定“好汉堡”的地位，还能喂饱自己的荷包…一场汉堡大战就此点燃！",布莱恩·罗宾斯,http://www.iqiyi.com/v_19rraasc9k.html,美国/喜剧/英语,626141300
马龙·韦恩斯/肖恩·韦恩斯/艾米·塞德丽丝/大卫·艾兰·格里尔/基伦·埃弗瑞·韦恩斯/Damien Wayans,轻舞飞扬,"青春靓丽的白人女孩梅根•怀特出身于一个优渥的家庭，她自幼热爱舞蹈，并一心考入著名的纽约茱丽亚音乐学院去追寻瑰丽的舞蹈之梦。但是一场车祸夺去了母亲的生命，梅根也不得搬到另一座城市生活。她进入当地一所音乐高中，在此结识了崔茜、托马斯等一众好友。对黑人街舞共同的热爱让他们亲密无间，黑人男孩托马斯和曾经的小公主梅根组成搭档，一同磨练他们的舞技，为了共同的舞蹈之梦不懈努力。在这一过程中，托马斯和梅根对彼此也产生了感情.",Damien Wayans,http://www.iqiyi.com/v_19rrnovshc.html,美国/爱情/喜剧,353862300
斯蒂芬妮娅·欧文/凯蒂·霍尔姆斯/理查德·坎德/卢克·威尔逊/凯蒂·霍尔姆斯,我们所拥有的一切,"伟大母亲为女牺牲自我",凯蒂·霍尔姆斯,http://www.iqiyi.com/v_19rrb51s6c.html,美国/英语/家庭,643531400
沃尔特·马修/Chris Barnes/塔图姆·奥尼尔/Ben Piazza/杰基·厄尔·哈利/迈克尔·里奇,少棒闯天下,"在所有以青少年棒球运动为题材的影片中，该片可称难得一见的佳作。独特的视角，深刻的蕴意，打动了无数的观众。影片“梦想与奇迹”的主题也引起了许多人深深的共鸣。主人公沃尔特·迈萨是个中年失意的小棒球队教练。更倒霉的是，他的小队员们个个“与众不同”：要么是身形超重的小胖孩，要么是受人歧视的外籍人，或者是几乎没有什么运动天分的笨家伙。很显然，这样的一支队伍难免要屡战屡败，遭人耻笑。但在大家的努力下，奇迹还是发生了。球队的技术日渐提高，而教练和队员们的感情也逐渐加深。令人惊喜的是，沃尔特的女儿竟然是个棒球天才。最终，梦之队要和实力强劲的扬基队争夺总冠军，究竟鹿死谁手？当然是那些令人同情的弱者喽。",迈克尔·里奇,http://www.iqiyi.com/v_19rrokikyk.html,美国/喜剧/英语,383842800
乔乔/林枫烨/赵晶,冲动情侣,"感顾问陆小西是个满嘴大道理的女强人，她给别人解决困惑时头头是道，可到了自己和男友之间的情感问题上屡屡犯错，劝说别人不要骂人，要和谐，可在孩子气的男友面前两句不和就发威，因为二人都是刚步入社会的小青年，考虑事情往往都是自己为先，最终二人因为鸡毛蒜皮小事闹分手，可分开了二人又彼此牵挂，最后互相认知错误重归于好。",赵晶,http://www.iqiyi.com/v_19rraiuxa0.html,爱情/喜剧/国语,629361300
梁焯满/梁焯满,社团风暴,"洪兴社团大会选举新的话事人，洪兴B哥（吴志雄饰）推荐近几年有众多功劳的阿一（梁焯满饰），并把社团的事逐渐交给其管理，同时提醒他必须小心提防同门洪兴坤哥。而坤哥为了自身利益竟与东星天狼（张文彬饰）暗中勾结...KTV内，洪兴杰佬的亲妹妹卡仔（何敏莹饰）与东星天佑（梁家俊饰）的妹妹琪琪发生冲突，坤哥教唆天佑复卓。杰佬（洪智杰饰）和皓（焯皓饰）回家得知卡仔被打，决定前去报仇，谁知遭遇东星暗算被几十小弟围攻。苦战中，皓杀出一条血路让杰佬抽身，杰佬负伤而逃，洪兴一行人赶到警察局时却得知皓已死...而后，杨生一家被杀、B哥被袭、敏姐（梁敏仪饰）被绑、接连发生的事究竟是何人所为？阿一又该如何面对？",梁焯满,http://www.iqiyi.com/v_19rraiuum4.html,动作/国语/功夫,629360400
Mackenzie Davis/Caitlin Fitzgerald/Lawrence Levine/Jane Adams/Sophia Takal,永远闪耀,"好姐妹安娜和贝丝在周末的时候一起旅行，她们希望通过这段旅行去修补他们多年来互相竞争互相嫉妒产生的友谊裂痕。",Sophia Takal,http://www.iqiyi.com/v_19rrb50m9o.html,美国/恐怖/惊悚,643528400
奥莱斯雅·鲁林/克里斯汀·肯诺恩斯/马修·莫迪恩/Eddie Hassell/Adam Saunders/Benjamin Epps,家庭周末,"艾米莉这个充满干劲的热血16岁小女生越长大越觉得沮丧，她的妈妈萨曼莎，是个高效超能专注于事业的女性，他爸爸邓肯，是一个快乐的艺术家，谁都没空指导女儿，而女儿无论做什么父母总是唱反调不支持，这让艾米莉超级不爽决定绑架父母教训他们一番，并联合兄弟姐妹要整顿家庭秩序，让这个家再次成为一个“家庭”。",Benjamin Epps,http://www.iqiyi.com/v_19rrhko1pw.html,美国/喜剧/英语,254435800
马特·勒布朗/吉纳·罗斯/Paul Hewitt/Sage Allen/比尔·肯特里,王牌猩手,"库伯是一个小联盟球队中的投手，他的投手生涯正面临了瓶颈期。在命运的安排下，他多了一个不可思议的室友一个名叫艾德的新任三垒手，不过奇怪的是，这名三垒手竟然是一只精通投球技巧的黑猩猩！库伯完全没料到，他的生活与事业因此而全盘改变，艾德不但帮助他对棒球比赛大开眼界，并使他对心爱的人敞开心扉。",比尔·肯特里,http://www.iqiyi.com/v_19rrb62zs8.html,美国/喜剧/英语,640943300
尤利娅·延奇/Johanna Gastdorf/玛丽亚·维多利亚·德拉格斯/Bjarne Mädel/安娜·左拉·贝哈赫德,二十四周,"电影讲述了一个事业有成的卡巴莱女演员AstridLorenz，在怀第二个宝宝时，检查发现腹中婴儿出生后会患有唐氏综合症和严重的先天性心脏病。德国法律规定，这种情况下父母一直到生产前都有权利选择堕胎。鉴于孩子已满24周，有可能已可以离开母腹存活，此时如若堕胎，孩子需要先被打针停止心跳。Astrid和丈夫面临道德和人性的考验，她将如何抉择？",安娜·左拉·贝哈赫德,http://www.iqiyi.com/v_19rrb6s3ys.html,家庭/4K,640033400
Laura Tonke/Leander Nitsche/Melanie Straub/Hans Löw/Sonja Heiss,困境中的海蒂·施耐德,"海蒂·施耐德在一家旅行社工作，她的丈夫乌里目前的工作是为聋哑人做翻译。乌里梦想成为一名救援工作者，两个月后他将带着妻子和儿子费恩前往非洲，一家三口生活幸福。直到有一天，同事意欲跳窗自杀，海蒂因此陷入了莫名其妙的恐惧之中。她坚信自己患有心脏病或者中风，于是深夜要求乌里叫来了救护车。虽然实际并未生病，但持续的焦虑和恐慌令海蒂完全崩溃，而一家三口的生活和未来也渐渐脱离了正轨……",Sonja Heiss,http://www.iqiyi.com/v_19rrb6sb9o.html,欧洲/家庭/4K,640028000
王驿/李海鹰,诡影直播间,"小唯是一名职业催眠师，但她也是直播间主播。她会透露各种病人在催眠时说的隐以此赚取大量金钱。小唯被病人举报，被吊销催眠师执照。失去职业便利的小唯无法再提供各种离奇谈资，直播间人气也如每况愈下。为了挽回人气，小唯想到一个绝妙的主意——催眠自己的男友，让其在直播间做各种奇怪表演……",李海鹰,http://www.iqiyi.com/v_19rraheygk.html,惊悚/国语/网络大电影,633096600
达蒙·威亚斯/丹尼尔·斯特恩/丹·艾克罗伊德/Gail O'Grady/克里斯托弗·麦克唐纳/Tom DeCerchio,阿达球迷闹篮坛,"美国NBA塞尔帝克队的死忠球迷麦可和吉米，眼见该队战绩不佳，内心十分郁卒，而敌队王牌球员路易斯的万夫莫敌实力，连连得分，更是让效忠塞尔帝克队球迷的心情雪上加霜，直跌大峡谷底。吉米和麦克突发奇想，在酒吧中昧著良心奉承路易斯，想藉机灌醉他，让他无法上场，谁知竟然碰上他们的球神——前赛尔帝克队大将「大鸟LarryBird」，心虚的结果自己反倒喝醉……",Tom DeCerchio,http://www.iqiyi.com/v_19rrlkw6fo.html,美国/喜剧/英语,498731000
胡锰/洪一平,抄袭风暴2017,"抢手编剧肖鲜肉要创作一部网大，老板要逼他抄袭几个有名的电影桥段，他把自己代入故事里，成为了一名司机，和乘客们一起进入了一部惊悚片的设定里，上一秒不知道下一秒要发生什么。一路上人和车辆逐个消失，大家都怀疑是进入了异度空间里，本来气氛朔造的很好，老板却认为不能通过审查，结局还要光明，所以肖鲜肉修改了一个温馨的结局。路上下车的乘客又分别进入了几部有名的动作片、爱情片、搞笑片的故事设定。中途肖鲜肉的同事偷走了他的作品和创意，把情节改到无法收拾，他为了证明自己是原作，使出了浑身解数，让之前出现在故事里的演员换了个造型和表演状态，乘坐返程的公车，来到这个故里，演绎让人笑中带泪的故事...",洪一平,http://www.iqiyi.com/v_19rrafzwlw.html,喜剧/动作/国语,635023800
马雪阳/韦海珊/李晟烨/董伟,特工学姐007,"两个天才少年学霸为了研究出攻克绝症的药物在学校里做实验，谁料其中一人得了奇怪的绝症，期间又被实验赞助方误会而导致被卷入一个案件，正能量女特工化身为学生卧底在学校查案，过程中结识了校园里的好友，感受了最真挚的校园友谊和爱情，最终在大家的帮助下案件破获，拯救了被绑架的学生。",董伟,http://www.iqiyi.com/v_19rrb871ew.html,喜剧/动作/国语,638247300
徐子超/刘述/梁晶晶/张承阳/郑权,同学会的诱惑,"影片从慕雨晴一个惊悚的梦境开始，继而风格转向洋溢着青春气息的校园生活，情商超低但很专一的高富帅顾俊熙在逗逼好兄弟兼军师萧宇梁的帮助下开始苦追慕雨晴。在浴池，极力展现自己最好形象的顾俊熙不仅没有吸引到慕雨晴的注意，反而吸引了另外两个女生的追求——芳芳和代萱。芳芳选择对顾俊熙主动出击，刚表明了自己的心迹，当晚就溺亡在游泳池。蛊术爱好者慕雨晴发现了一丝不对劲的地方，那就是芳芳死的非常诡异。顾俊熙给慕雨晴准备了生日party，慕雨晴在表弟陆泽的央求下参加了，同样参加的还有萧宇梁，女主播代萱、帅女生林大花、胆小猥琐姜弋。在party的欢笑中萧宇梁提议玩起“真心话大冒险”，在大家注意力集中在被戏弄的萧宇梁身上时，代萱借机勾引坐在对面的顾俊熙，但顾俊熙不为所动，并坦承自己的心里只有慕雨晴，在他们玩的正兴奋的时候，party的套房里断电了，慕雨晴表弟陆泽出去看究竟，结果在昏暗的楼道被杀害，黑衣面具人持刀出现，代萱和姜弋去外面树林亲热，林大花上厕所，结果相继被杀。一场惊悚的追逐战正等待着他们……",郑权,http://www.iqiyi.com/v_19rra1wqdg.html,惊悚/犯罪/国语,575578600
达蒙·威亚斯/Joe Connelly/Dean Lorey/尼克·卡斯特尔,派恩少校,"戴蒙·韦恩斯主演这部爆笑的恶搞电影《派恩少校》。美国和平时期，杀人机器美国海军陆战队特种部队班森·威尼佛德·派恩少校被解雇...成为失业游民。派恩无法适应普通生活，急欲回到军队生活，担任麦迪逊陆军少年军校的指挥官。现在军队最危险的秘密武器要如何训练一群连刮胡子都不会的年轻军校生?他将肆意妄为！至少在军校辅导老师艾米莉·华本博士加入他前是如此。本片充满喜剧泰斗戴蒙·韦恩斯的搞笑功力，幽默指数破表。",尼克·卡斯特尔,http://www.iqiyi.com/v_19rragmyhc.html,美国/喜剧/英语,633874300
张旭/赵荣兵/郭志军,盐马帮,"一九三六年，四川自流井盐埸。天义堂新收了两个为了跑马帮而加入袍哥组织的青年人。并被操武打的舵爷李九峰收为徒弟，赐名云龙和云虎。云龙一伙运盐巴的马队从自流井出发去云南。通过南丝绸之路的盐马古道，历尽艰险为滇西抗战前线送盐的故事。影片情节惊险曲折，跌宕起伏，再现了袍哥江湖的恩怨情仇，古盐道上步步惊心，演释出新历史主义叙事下的平民血性燃烧的抗战传奇，为国捐躯的大义凛然精神。影片把敏锐的视角放置在抗日战争时期，把盐马帮投入到抗日救亡的滇西抗战，增加了它的现实意义和传奇色彩。",郭志军,http://www.iqiyi.com/v_19rr9bj298.html,动作/枪战/犯罪,569038400
坂本真绫/塾一久/松田健一郎/新垣樽助/咲野俊介/黄瀬和哉/野村和也,攻壳机动队 新剧场版,"2029年3月某日，某国大使馆遭到一群经大规模义体改造的武装分子的入侵，众多外国使节及其同侪眷属沦为人质，事态十万火急。草薙素子召集巴特、陀古萨等得力属下，并制定了周密的营救计划。谁知当一切都按部就班进行之时，意外突然发生。与此同时，距离大使馆不远的一座摩天大楼内，日本首相遭到密码箱炸弹的暗杀，素子之前的上司陆军501机关的机关长库露兹也在爆炸中丧生。经过缜密追查，素子等人发现一种能够篡改记忆的病毒正在网络蔓延，而她的身世居然和一连串的事件有着密切联系。危机当前，阴谋悄然复出水面",黄瀬和哉,http://www.iqiyi.com/v_19rrb7lpl8.html,科幻/动作/动画,639447200
茱莉亚·齐尤夫斯卡/Magdalena Cielecka/多萝塔·科拉克/Marta Nieradkiewicz/托马斯·瓦希勒夫斯基,爱情合众国,"90年代初的波兰，正待迎接共产政权垮台后的崭新未来，年龄光谱横跨数十载的四名女子，也即将遭逢人生的剧变。受困于乏味婚姻生活的主妇，意外爱上教会的神父；严谨干练的小学校长，于一段不伦恋情中饱受煎熬；年轻美丽的舞蹈教练，不愿继续在远距离恋爱中寂寞枯萎；年过半百的文学老师，为教育奉献一生却突然失去了工作。她们的难题各异，命运却紧紧相连。",托马斯·瓦希勒夫斯基,http://www.iqiyi.com/v_19rraf1iu8.html,爱情/荒诞/4K,635517900
田中敦子/大冢明夫/山寺宏一/玄田哲章/山内雅人/押井守,攻壳机动队2.0,"公元2029年，未来世界是高科技与信息化的世界。人类生活水平的提高伴随着犯罪活动的高科技化，于是，专门镇压高科技犯罪的特殊部队——公安9课成立了。队长草薙素子，作为一位全身“义体化”的女警，带领公安9课不断展开行动。是次，公安9课帮助公安6课秘密解决了一位程序员外逃他国的麻烦琐事，又卷入传说中的黑客“傀儡师”的犯罪事件。当行动陷入僵局之际，傀儡